url;title;price_previous;price_current;seller;seller_sales;qtd_available;scraped_at
https://www.mercadolivre.com.br/placa-de-video-galax-nvidia-geforce-rtx-3050-ex-oc-6gb-gddr6/p/MLB33477379#polycard_client=search-nordic&wid=MLB3804569337&sid=search&searchVariation=MLB33477379&position=6&search_layout=grid&type=product&tracking_id=6ce55467-e158-4557-9a88-1f1fe28baa01;Placa De Vídeo Galax Nvidia Geforce Rtx 3050 Ex Oc 6gb Gddr6;R$1.549,35;R$1.254,97;Lalligator shop;+5mil vendas;+10 disponíveis;30/11/2024 00:24:40
https://produto.mercadolivre.com.br/MLB-4587570834-vga-galax-gf-rtx3050-6gb-ex-gddr6-96bits-_JM#polycard_client=search-nordic&position=10&search_layout=grid&type=item&tracking_id=6ce55467-e158-4557-9a88-1f1fe28baa01;Vga Galax Gf Rtx3050 6gb Ex Gddr6 96bits;1.364;R$1.364;Favs;+5mil vendas;+50 disponíveis;30/11/2024 00:24:41
https://produto.mercadolivre.com.br/MLB-4935606470-placa-de-video-galax-nvidia-geforce-rtx-3050-ex-6gb-gddr6-_JM#polycard_client=search-nordic&position=11&search_layout=grid&type=item&tracking_id=6ce55467-e158-4557-9a88-1f1fe28baa01;Placa De Vídeo Galax Nvidia Geforce Rtx 3050 Ex 6gb Gddr6;R$1.561,71;R$1.264,99;Lalligator shop;+5mil vendas;+10 disponíveis;30/11/2024 00:24:41
https://produto.mercadolivre.com.br/MLB-3920001161-placa-de-video-galax-geforce-rtx-3050-ex-6gb-gddr6-96-bit-_JM#polycard_client=search-nordic&position=12&search_layout=grid&type=item&tracking_id=6ce55467-e158-4557-9a88-1f1fe28baa01;Placa De Video Galax Geforce Rtx 3050 Ex, 6gb, Gddr6, 96-bit;R$1.870,41;R$1.731,99;Lnvidia;+100mil vendas;+50 disponíveis;30/11/2024 00:24:42
https://produto.mercadolivre.com.br/MLB-5166511302-placa-de-video-galaxy-geforce-rtx3050-6gb-gddr6-128-bits-oc-_JM#polycard_client=search-nordic&position=13&search_layout=grid&type=item&tracking_id=6ce55467-e158-4557-9a88-1f1fe28baa01;Placa De Video Galaxy Geforce Rtx3050 6gb Gddr6 128 Bits Oc;1.587;R$1.587,97;Pirabolim;+100 vendas;2 disponíveis;30/11/2024 00:24:42
https://produto.mercadolivre.com.br/MLB-3650599369-geforce-rtx-3050-6gb-gddr6-96-bits-galax-ex-series-_JM#polycard_client=search-nordic&position=14&search_layout=grid&type=item&tracking_id=6ce55467-e158-4557-9a88-1f1fe28baa01;Geforce Rtx 3050 6gb Gddr6 96 Bits - Galax Ex Series;1.989;R$1.989,99;Oficina_dos_bits;+1000 vendas;+5 disponíveis;30/11/2024 00:24:43
https://produto.mercadolivre.com.br/MLB-3897605919-placa-de-video-galax-nvidia-geforce-rtx-3050-ex-oc-6gb-gddr6-_JM#polycard_client=search-nordic&position=15&search_layout=grid&type=item&tracking_id=6ce55467-e158-4557-9a88-1f1fe28baa01;Placa De Vídeo Galax Nvidia Geforce Rtx 3050 Ex Oc 6gb Gddr6;1.680;R$1.680;Efacini;Mercadolíder | +10mil vendas;+10 disponíveis;30/11/2024 00:24:44
https://produto.mercadolivre.com.br/MLB-5194746180-geforce-rtx-3050-6gb-gddr6-96-bits-galax-ex-series-_JM#polycard_client=search-nordic&position=16&search_layout=grid&type=item&tracking_id=6ce55467-e158-4557-9a88-1f1fe28baa01;Geforce Rtx 3050 6gb Gddr6 96 Bits - Galax Ex Series;2.188;R$2.188,99;Linfoclub;+10mil vendas;+5 disponíveis;30/11/2024 00:24:44
https://produto.mercadolivre.com.br/MLB-5048239410-placa-de-video-galax-nvidia-geforce-rtx-3050-ex-oc-6gb-gddr6-_JM#polycard_client=search-nordic&position=17&search_layout=grid&type=item&tracking_id=6ce55467-e158-4557-9a88-1f1fe28baa01;Placa De Vídeo Galax Nvidia Geforce Rtx 3050 Ex Oc 6gb Gddr6;1.599;R$1.599;Ac3informatica;+100 vendas;Último disponível!;30/11/2024 00:24:45
https://produto.mercadolivre.com.br/MLB-4626013354-placa-de-video-rtx-3050-ex-6gb-96bits-gddr6-35nrldmd9oex-_JM#polycard_client=search-nordic&position=18&search_layout=grid&type=item&tracking_id=6ce55467-e158-4557-9a88-1f1fe28baa01;Placa De Video Rtx 3050 Ex 6gb 96bits Gddr6 - 35nrldmd9oex;1.964;R$1.964,99;Comtek tecnologia;Mercadolíder | +1000 vendas;2 disponíveis;30/11/2024 00:24:45
https://produto.mercadolivre.com.br/MLB-4660409112-placa-de-video-galax-geforce-rtx-3050-1-click-oc-6gb-gddr6-_JM#polycard_client=search-nordic&position=19&search_layout=grid&type=item&tracking_id=6ce55467-e158-4557-9a88-1f1fe28baa01;Placa De Vídeo Galax Geforce Rtx 3050 (1-click Oc) 6gb Gddr6;1.847;R$1.847,83;Zoing brasil;Mercadolíder | +1000 vendas;+5 disponíveis;30/11/2024 00:24:46
https://produto.mercadolivre.com.br/MLB-4699670140-placa-de-video-galax-geforce-rtx-3050-ex-6gb-gddr6-96-bit-_JM#polycard_client=search-nordic&position=20&search_layout=grid&type=item&tracking_id=6ce55467-e158-4557-9a88-1f1fe28baa01;Placa De Video Galax Geforce Rtx 3050 Ex, 6gb, Gddr6, 96-bit;R$2.599,90;R$1.399,90;Mania virtual;Mercadolíder | +100mil vendas;2 disponíveis;30/11/2024 00:24:47
https://produto.mercadolivre.com.br/MLB-3698399335-placa-de-video-galax-geforce-rtx-3050-ex-6gb-gddr6-96-bit-_JM#polycard_client=search-nordic&position=21&search_layout=grid&type=item&tracking_id=6ce55467-e158-4557-9a88-1f1fe28baa01;Placa De Video Galax Geforce Rtx 3050 Ex, 6gb, Gddr6, 96-bit;2.599;R$2.599,90;Mania virtual;Mercadolíder | +100mil vendas;2 disponíveis;30/11/2024 00:24:47
https://produto.mercadolivre.com.br/MLB-3725858759-placa-de-video-rtx-3050-6gb-ex-gddr6-96bits-galax-_JM#polycard_client=search-nordic&position=22&search_layout=grid&type=item&tracking_id=6ce55467-e158-4557-9a88-1f1fe28baa01;Placa De Vídeo Rtx 3050 6gb Ex Gddr6 96bits Galax;1.706;R$1.706,14;Maddog;+1000 vendas;Último disponível!;30/11/2024 00:24:48
https://produto.mercadolivre.com.br/MLB-5166485920-placa-de-video-galaxy-geforce-rtx3050-6gb-gddr6-128-bits-oc-_JM#polycard_client=search-nordic&position=23&search_layout=grid&type=item&tracking_id=6ce55467-e158-4557-9a88-1f1fe28baa01;Placa De Video Galaxy Geforce Rtx3050 6gb Gddr6 128 Bits Oc;1.737;R$1.737,97;Pirabolim;+100 vendas;2 disponíveis;30/11/2024 00:24:48
https://produto.mercadolivre.com.br/MLB-5163098470-placa-de-video-galax-nvidia-geforce-rtx-3050-ex-oc-6gb-gddr6-_JM#polycard_client=search-nordic&position=24&search_layout=grid&type=item&tracking_id=6ce55467-e158-4557-9a88-1f1fe28baa01;Placa De Vídeo Galax Nvidia Geforce Rtx 3050 Ex Oc 6gb Gddr6;1.599;R$1.599,90;Xtgoldinfo;Mercadolíder | +10mil vendas;2 disponíveis;30/11/2024 00:24:49
https://produto.mercadolivre.com.br/MLB-3914206835-placa-de-video-galax-geforce-rtx-3050-ex-6gb-gddr6-96-bit-_JM#polycard_client=search-nordic&position=25&search_layout=grid&type=item&tracking_id=6ce55467-e158-4557-9a88-1f1fe28baa01;Placa De Video Galax Geforce Rtx 3050 Ex, 6gb, Gddr6, 96-bit;R$1.870,41;R$1.703,99;Lnvidia;+100mil vendas;+50 disponíveis;30/11/2024 00:24:49
https://produto.mercadolivre.com.br/MLB-3604786769-placa-de-video-galax-nvidia-geforce-rtx-3050-ex-1-click-oc-_JM#polycard_client=search-nordic&position=26&search_layout=grid&type=item&tracking_id=6ce55467-e158-4557-9a88-1f1fe28baa01;Placa De Vídeo Galax Nvidia Geforce Rtx 3050 Ex 1-click Oc;1.588;R$1.588,65;Lolist;+500mil vendas;2 disponíveis;30/11/2024 00:24:50
https://produto.mercadolivre.com.br/MLB-3725906813-placa-de-video-rtx-3050-6gb-ex-gddr6-galax-35nrldmd9oex-_JM#polycard_client=search-nordic&position=27&search_layout=grid&type=item&tracking_id=6ce55467-e158-4557-9a88-1f1fe28baa01;Placa De Vídeo Rtx 3050 6gb Ex Gddr6 Galax - 35nrldmd9oex;1.698;R$1.698,65;Bitboss.;Mercadolíder | +1000 vendas;Último disponível!;30/11/2024 00:24:51
https://produto.mercadolivre.com.br/MLB-5053066802-placa-de-video-galax-rtx-3050-6gb-gddr6-ex-oc-96bits-_JM#polycard_client=search-nordic&position=28&search_layout=grid&type=item&tracking_id=6ce55467-e158-4557-9a88-1f1fe28baa01;Placa De Vídeo Galax Rtx 3050 6gb Gddr6 Ex Oc 96bits;1.679;R$1.679;Jconnect_ecommerce;+100 vendas;Último disponível!;30/11/2024 00:24:51
https://produto.mercadolivre.com.br/MLB-4755616704-placa-de-video-rtx-3050-6gb-ex-gddr6-96bits-galax-_JM#polycard_client=search-nordic&position=29&search_layout=grid&type=item&tracking_id=6ce55467-e158-4557-9a88-1f1fe28baa01;Placa De Vídeo Rtx 3050 6gb Ex Gddr6 96bits Galax;1.596;R$1.596,18;Maddog;+1000 vendas;Último disponível!;30/11/2024 00:24:52
https://produto.mercadolivre.com.br/MLB-3652226995-placa-de-video-rtx-3050-ex-6gb-96bits-gddr6-35nrldmd9oex-_JM#polycard_client=search-nordic&position=30&search_layout=grid&type=item&tracking_id=6ce55467-e158-4557-9a88-1f1fe28baa01;Placa De Video Rtx 3050 Ex 6gb 96bits Gddr6 35nrldmd9oex;1.516;R$1.516,09;On plus;Mercadolíder | +1000 vendas;+5 disponíveis;30/11/2024 00:24:53
https://produto.mercadolivre.com.br/MLB-4625985684-placa-de-video-rtx-3050-6gb-ex-gddr6-96bits-35nrldmd9oex-_JM#polycard_client=search-nordic&position=31&search_layout=grid&type=item&tracking_id=6ce55467-e158-4557-9a88-1f1fe28baa01;Placa De Video Rtx 3050 6gb Ex Gddr6 96bits - 35nrldmd9oex;1.774;R$1.774,39;Comtek tecnologia;Mercadolíder | +1000 vendas;2 disponíveis;30/11/2024 00:24:53
https://produto.mercadolivre.com.br/MLB-3694114409-placa-de-video-galax-nvidia-geforce-rtx-3050-ex-oc-6gb-gddr6-_JM#polycard_client=search-nordic&position=32&search_layout=grid&type=item&tracking_id=6ce55467-e158-4557-9a88-1f1fe28baa01;Placa De Vídeo Galax Nvidia Geforce Rtx 3050 Ex Oc 6gb Gddr6;R$1.563,95;R$1.266,80;Tntinfoloja filial_es;+10mil vendas;+50 disponíveis;30/11/2024 00:24:54
https://produto.mercadolivre.com.br/MLB-4463965120-placa-de-video-galax-nvidia-geforce-rtx-3050-ex-1-click-oc-_JM#polycard_client=search-nordic&position=33&search_layout=grid&type=item&tracking_id=6ce55467-e158-4557-9a88-1f1fe28baa01;Placa De Vídeo Galax Nvidia Geforce Rtx 3050 Ex 1-click Oc;1.584;R$1.584;Lolist;+500mil vendas;2 disponíveis;30/11/2024 00:24:54
https://produto.mercadolivre.com.br/MLB-3895791795-placa-de-video-galax-nvidia-geforce-rtx-3050-ex-oc-6gb-gddr6-_JM#polycard_client=search-nordic&position=34&search_layout=grid&type=item&tracking_id=6ce55467-e158-4557-9a88-1f1fe28baa01;Placa De Vídeo Galax Nvidia Geforce Rtx 3050 Ex Oc 6gb Gddr6;1.750;R$1.750;Vitória informática;+100 vendas;4 disponíveis;30/11/2024 00:24:55
https://produto.mercadolivre.com.br/MLB-4755689430-placa-de-video-rtx-3050-6gb-ex-gddr6-galax-35nrldmd9oex-_JM#polycard_client=search-nordic&position=35&search_layout=grid&type=item&tracking_id=6ce55467-e158-4557-9a88-1f1fe28baa01;Placa De Vídeo Rtx 3050 6gb Ex Gddr6 Galax - 35nrldmd9oex;1.589;R$1.589,62;Bitboss.;Mercadolíder | +1000 vendas;Último disponível!;30/11/2024 00:24:56
https://produto.mercadolivre.com.br/MLB-3604773879-placa-de-video-galax-nvidia-geforce-rtx-3050-ex-1-click-oc-_JM#polycard_client=search-nordic&position=36&search_layout=grid&type=item&tracking_id=6ce55467-e158-4557-9a88-1f1fe28baa01;Placa De Vídeo Galax Nvidia Geforce Rtx 3050 Ex 1-click Oc;1.556;R$1.556,47;Lolist;+500mil vendas;2 disponíveis;30/11/2024 00:24:56
https://produto.mercadolivre.com.br/MLB-4463952290-placa-de-video-galax-nvidia-geforce-rtx-3050-ex-1-click-oc-_JM#polycard_client=search-nordic&position=37&search_layout=grid&type=item&tracking_id=6ce55467-e158-4557-9a88-1f1fe28baa01;Placa De Vídeo Galax Nvidia Geforce Rtx 3050 Ex 1-click Oc;1.561;R$1.561,03;Lolist;+500mil vendas;2 disponíveis;30/11/2024 00:24:57
https://produto.mercadolivre.com.br/MLB-3710215123-placa-de-video-galax-nvidia-geforce-rtx-3050-ex-oc-6gb-gddr6-_JM#polycard_client=search-nordic&position=38&search_layout=grid&type=item&tracking_id=6ce55467-e158-4557-9a88-1f1fe28baa01;Placa De Vídeo Galax Nvidia Geforce Rtx 3050 Ex Oc 6gb Gddr6;1.390;R$1.390;Mriinformtica;+5mil vendas;2 disponíveis;30/11/2024 00:24:57
https://produto.mercadolivre.com.br/MLB-5111567346-placa-de-video-rtx-3050-6gb-galax-ex-oc-_JM#polycard_client=search-nordic&position=39&search_layout=grid&type=item&tracking_id=6ce55467-e158-4557-9a88-1f1fe28baa01;Placa De Vídeo Rtx 3050 6gb Galax Ex Oc;1.597;R$1.597,90;Jctechabc;+5 vendas;Último disponível!;30/11/2024 00:24:58
https://produto.mercadolivre.com.br/MLB-3737842415-placa-de-video-galax-nvidia-geforce-rtx-3050-ex-oc-6gb-gddr6-_JM#polycard_client=search-nordic&position=40&search_layout=grid&type=item&tracking_id=6ce55467-e158-4557-9a88-1f1fe28baa01;Placa De Vídeo Galax Nvidia Geforce Rtx 3050 Ex Oc 6gb Gddr6;2.198;R$2.198,90;Emporiumrmm;+100 vendas;+10 disponíveis;30/11/2024 00:24:58
https://produto.mercadolivre.com.br/MLB-4833863128-placa-de-video-galax-nvidia-geforce-rtx-3050-ex-6gb-gddr6-_JM#polycard_client=search-nordic&position=41&search_layout=grid&type=item&tracking_id=6ce55467-e158-4557-9a88-1f1fe28baa01;Placa De Vídeo Galax Nvidia Geforce Rtx 3050 Ex 6gb Gddr6;1.733;R$1.733,22;Alligator shop_sc;+1000 vendas;+10 disponíveis;30/11/2024 00:24:59
https://produto.mercadolivre.com.br/MLB-3757990103-placa-de-video-galax-nvidia-geforce-rtx-3050-ex-6gb-gddr6-_JM#polycard_client=search-nordic&position=42&search_layout=grid&type=item&tracking_id=6ce55467-e158-4557-9a88-1f1fe28baa01;Placa De Vídeo Galax Nvidia Geforce Rtx 3050 Ex 6gb Gddr6;1.622;R$1.622,11;Alligator shop_sc;+1000 vendas;+10 disponíveis;30/11/2024 00:25:00
https://produto.mercadolivre.com.br/MLB-4587596482-vga-galax-gf-rtx3050-6gb-ex-gddr6-96bits-_JM#polycard_client=search-nordic&position=43&search_layout=grid&type=item&tracking_id=6ce55467-e158-4557-9a88-1f1fe28baa01;Vga Galax Gf Rtx3050 6gb Ex Gddr6 96bits;1.295;R$1.295;Favs;+5mil vendas;+50 disponíveis;30/11/2024 00:25:00
https://produto.mercadolivre.com.br/MLB-3650650283-geforce-rtx-3050-6gb-gddr6-96-bits-galax-ex-series-_JM#polycard_client=search-nordic&position=44&search_layout=grid&type=item&tracking_id=6ce55467-e158-4557-9a88-1f1fe28baa01;Geforce Rtx 3050 6gb Gddr6 96 Bits - Galax Ex Series;1.826;R$1.826,01;Oficina_dos_bits;+1000 vendas;+5 disponíveis;30/11/2024 00:25:01
https://www.mercadolivre.com.br/placa-de-video-asus-dual-geforce-rtx-3050-6gb-gddr6-96bits/p/MLB37546441#polycard_client=search-nordic&wid=MLB5163956946&sid=search&searchVariation=MLB37546441&position=7&search_layout=grid&type=product&tracking_id=6ce55467-e158-4557-9a88-1f1fe28baa01;Placa De Vídeo Asus Dual Geforce Rtx 3050 6gb Gddr6 96bits;R$1.603,71;R$1.169,11;Linpower;+250mil vendas;Último disponível!;30/11/2024 00:25:02
https://www.mercadolivre.com.br/placa-de-video-galax-nvidia-rtx-3050-8gb-gddr6-128bit/p/MLB35098924#polycard_client=search-nordic&wid=MLB4689848718&sid=search&searchVariation=MLB35098924&position=4&search_layout=grid&type=product&tracking_id=6ce55467-e158-4557-9a88-1f1fe28baa01;Placa De Vídeo Galax Nvidia Rtx 3050 8gb Gddr6 128bit;3.833;R$3.833,27;Lolist;+500mil vendas;Último disponível!;30/11/2024 00:25:03
https://www.mercadolivre.com.br/placa-de-video-msi-geforce-rtx-3050-oc-6gb-lp-gddr6-96bits/p/MLB37776074#polycard_client=search-nordic&wid=MLB5167687012&sid=search&searchVariation=MLB37776074&position=5&search_layout=grid&type=product&tracking_id=6ce55467-e158-4557-9a88-1f1fe28baa01;Placa De Vídeo Msi Geforce Rtx 3050 Oc 6gb LP Gddr6 96bits;R$1.399;R$1.343,04;Favs;+5mil vendas;+20 disponíveis;30/11/2024 00:25:03
https://www.mercadolivre.com.br/placa-de-video-nvidia-galax-geforce-rtx-30-series-rtx-3050-35nsl8md6yex-8gb/p/MLB19634456#polycard_client=search-nordic&wid=MLB4461702816&sid=search&searchVariation=MLB19634456&position=9&search_layout=grid&type=product&tracking_id=6ce55467-e158-4557-9a88-1f1fe28baa01;Placa de vídeo Nvidia Galax  GeForce RTX 30 Series RTX 3050 35NSL8MD6YEX 8GB;2.199;R$2.199;Sarcompy;+1000 vendas;2 disponíveis;30/11/2024 00:25:04
https://www.mercadolivre.com.br/placa-de-video-zotac-nvidia-geforce-rtx-3050-6gb-gddr6-dlss/p/MLB39959497#polycard_client=search-nordic&wid=MLB3893292969&sid=search&searchVariation=MLB39959497&position=8&search_layout=grid&type=product&tracking_id=6ce55467-e158-4557-9a88-1f1fe28baa01;Placa De Vídeo Zotac Nvidia Geforce Rtx 3050 6gb Gddr6 Dlss;R$1.554,90;R$1.259,47;Shopar;Mercadolíder | +10mil vendas;3 disponíveis;30/11/2024 00:25:05
https://produto.mercadolivre.com.br/MLB-3763186910-placa-de-video-galax-nvidia-rtx-3050-8gb-gddr6-128bit-_JM#polycard_client=search-nordic&position=46&search_layout=grid&type=item&tracking_id=6ce55467-e158-4557-9a88-1f1fe28baa01;Placa De Vídeo Galax Nvidia Rtx 3050 8gb Gddr6 128bit;4.189;R$4.189,18;Lolist;+500mil vendas;Último disponível!;30/11/2024 00:25:05
https://produto.mercadolivre.com.br/MLB-3141543307-vga-placa-de-video-galax-geforce-rtx3050-1click-8gb-ddr6-nf-_JM#polycard_client=search-nordic&position=47&search_layout=grid&type=item&tracking_id=6ce55467-e158-4557-9a88-1f1fe28baa01;Vga Placa De Video Galax Geforce Rtx3050 1click 8gb Ddr6 N/f;1.988;R$1.988,08;Pc gamer informática;Mercadolíder | +10mil vendas;4 disponíveis;30/11/2024 00:25:06
https://produto.mercadolivre.com.br/MLB-1734512611-dual-cooler-placa-de-video-galax-geforce-rtx-2060-6gb-_JM#polycard_client=search-nordic&position=48&search_layout=grid&type=item&tracking_id=6ce55467-e158-4557-9a88-1f1fe28baa01;Dual Cooler Placa De Video Galax Geforce Rtx 2060 6gb;259;R$259,90;Rpm.pablo;+100 vendas;Último disponível!;30/11/2024 00:25:07
https://produto.mercadolivre.com.br/MLB-4185975310-placa-video-galax-geforce-rtx-3050-1-click-oc-v2-8gb-128bit-_JM#polycard_client=search-nordic&position=49&search_layout=grid&type=item&tracking_id=6ce55467-e158-4557-9a88-1f1fe28baa01;Placa Vídeo Galax Geforce Rtx 3050 1-click Oc V2 8gb 128bit;2.371;R$2.371,83;Lolist;+100mil vendas;Último disponível!;30/11/2024 00:25:07
https://www.mercadolivre.com.br/placa-de-video-msi-geforce-rtx-3050-gaming-x-6g/p/MLB35154245#polycard_client=search-nordic&wid=MLB3893470333&sid=search&searchVariation=MLB35154245&position=3&search_layout=grid&type=product&tracking_id=6ce55467-e158-4557-9a88-1f1fe28baa01;Placa de vídeo Msi Geforce Rtx 3050 Gaming X 6g;2.913;R$2.913,93;Rocketlion;+1000 vendas;+5 disponíveis;30/11/2024 00:25:08
https://produto.mercadolivre.com.br/MLB-5066399674-placa-de-video-asus-dual-nvidia-geforce-rtx-3050-oc-6gb-gddr-_JM#polycard_client=search-nordic&position=50&search_layout=grid&type=item&tracking_id=6ce55467-e158-4557-9a88-1f1fe28baa01;Placa De Vídeo Asus Dual Nvidia Geforce Rtx 3050 Oc 6gb Gddr;R$2.099,90;R$1.259,94;Mania virtual;Mercadolíder | +100mil vendas;+50 disponíveis;30/11/2024 00:25:08
https://www.mercadolivre.com.br/placa-de-video-galax-nvidia-rtx-3050-8gb-gddr6-128bit/p/MLB21903455#polycard_client=search-nordic&wid=MLB3522198613&sid=search&searchVariation=MLB21903455&position=4&search_layout=grid&type=product&tracking_id=06aea46e-f2e4-4787-972c-b79d1b5ac504;Placa De Vídeo Galax Nvidia Rtx 3050 8gb Gddr6 128bit;3.544;R$3.544,12;Lolist;+100mil vendas;Último disponível!;30/11/2024 00:25:09
https://produto.mercadolivre.com.br/MLB-3503717387-placa-video-galax-geforce-rtx-3050-1-click-oc-v2-8gb-128bit-_JM#polycard_client=search-nordic&position=12&search_layout=grid&type=item&tracking_id=06aea46e-f2e4-4787-972c-b79d1b5ac504;Placa Vídeo Galax Geforce Rtx 3050 1-click Oc V2 8gb 128bit;2.364;R$2.364,89;Lolist;+100mil vendas;Último disponível!;30/11/2024 00:25:10
https://www.mercadolivre.com.br/placa-de-video-msi-geforce-rtx-3050-ventus-2x-oc-6gb-gddr6-96-bit-912-v812-016-nac/p/MLB34284188#polycard_client=search-nordic&wid=MLB5068279554&sid=search&searchVariation=MLB34284188&position=11&search_layout=grid&type=product&tracking_id=06aea46e-f2e4-4787-972c-b79d1b5ac504;Placa de Video MSI GeForce RTX 3050 Ventus 2X OC, 6GB, GDDR6, 96-bit, 912-V812-016-NAC;1.432;R$1.432,25;Offcomp comercio;Mercadolíder | +1000 vendas;4 disponíveis;30/11/2024 00:25:11
https://produto.mercadolivre.com.br/MLB-3920492185-placa-de-video-asus-dual-geforce-rtx-3050-6gb-gddr6-96bits-_JM#polycard_client=search-nordic&position=13&search_layout=grid&type=item&tracking_id=06aea46e-f2e4-4787-972c-b79d1b5ac504;Placa De Vídeo Asus Dual Geforce Rtx 3050 6gb Gddr6 96bits;1.809;R$1.809,99;Lpc xpress;+10mil vendas;5 disponíveis;30/11/2024 00:25:11
https://www.mercadolivre.com.br/placa-de-video-nvidia-galax-geforce-rtx-20-series-rtx-2060-26nrl7hpx7oc-6gb/p/MLB15971892#polycard_client=search-nordic&wid=MLB3554621829&sid=search&searchVariation=MLB15971892&position=7&search_layout=grid&type=product&tracking_id=06aea46e-f2e4-4787-972c-b79d1b5ac504;Placa de vídeo Nvidia Galax  GeForce RTX 20 Series RTX 2060 26NRL7HPX7OC 6GB;2.790;R$2.790;Mriinformtica;+5mil vendas;Último disponível!;30/11/2024 00:25:12
https://www.mercadolivre.com.br/placa-de-video-msi-geforce-rtx-3050-gaming-x-6gb-gddr6-92bit/p/MLB37827450#polycard_client=search-nordic&wid=MLB5009794926&sid=search&searchVariation=MLB37827450&position=10&search_layout=grid&type=product&tracking_id=06aea46e-f2e4-4787-972c-b79d1b5ac504;Placa De Video Msi Geforce Rtx 3050 Gaming X 6gb Gddr6 92bit;1.335;R$1.335;On plus;Mercadolíder | +1000 vendas;+10 disponíveis;30/11/2024 00:25:13
https://produto.mercadolivre.com.br/MLB-3434369079-rtx-2060-galax-click-oc-_JM#polycard_client=search-nordic&position=14&search_layout=grid&type=item&tracking_id=06aea46e-f2e4-4787-972c-b79d1b5ac504;Rtx 2060 Galax Click Oc;2.268;R$2.268;Zeni shop;+100 vendas;Último disponível!;30/11/2024 00:25:14
https://produto.mercadolivre.com.br/MLB-3879677963-placa-de-video-msi-geforce-rtx-3050-ventus-2x-6g-oc-6gb-_JM#polycard_client=search-nordic&position=15&search_layout=grid&type=item&tracking_id=06aea46e-f2e4-4787-972c-b79d1b5ac504;Placa De Vídeo Msi Geforce Rtx 3050 Ventus 2x 6g Oc 6gb;1.869;R$1.869,75;Hdstore.com.br;Mercadolíder | +10mil vendas;Último disponível!;30/11/2024 00:25:14
https://produto.mercadolivre.com.br/MLB-3503725727-placa-video-galax-geforce-rtx-3050-1-click-oc-v2-8gb-128bit-_JM#polycard_client=search-nordic&position=16&search_layout=grid&type=item&tracking_id=06aea46e-f2e4-4787-972c-b79d1b5ac504;Placa Vídeo Galax Geforce Rtx 3050 1-click Oc V2 8gb 128bit;2.401;R$2.401,60;Lolist;+100mil vendas;Último disponível!;30/11/2024 00:25:15
https://produto.mercadolivre.com.br/MLB-4242782662-placa-de-video-galax-nvidia-rtx-3050-8gb-gddr6-128bit-_JM#polycard_client=search-nordic&position=17&search_layout=grid&type=item&tracking_id=06aea46e-f2e4-4787-972c-b79d1b5ac504;Placa De Vídeo Galax Nvidia Rtx 3050 8gb Gddr6 128bit;3.577;R$3.577;Lolist;+100mil vendas;Último disponível!;30/11/2024 00:25:15
https://produto.mercadolivre.com.br/MLB-3907655251-placa-de-video-asus-dual-geforce-rtx-3050-6gb-gddr6-96bits-_JM#polycard_client=search-nordic&position=18&search_layout=grid&type=item&tracking_id=06aea46e-f2e4-4787-972c-b79d1b5ac504;Placa De Vídeo Asus Dual Geforce Rtx 3050 6gb Gddr6 96bits;1.255;R$1.255;Manuatacadista;+100 vendas;Último disponível!;30/11/2024 00:25:16
https://produto.mercadolivre.com.br/MLB-3901519445-placa-de-video-asus-geforce-rtx-3050-dual-oc-6gb-gddr6-_JM#polycard_client=search-nordic&position=19&search_layout=grid&type=item&tracking_id=06aea46e-f2e4-4787-972c-b79d1b5ac504;Placa De Vídeo Asus Geforce Rtx 3050 Dual Oc 6gb Gddr6;1.545;R$1.545,50;Linpower;+250mil vendas;Último disponível!;30/11/2024 00:25:17
https://produto.mercadolivre.com.br/MLB-4242894474-placa-de-video-galax-nvidia-rtx-3050-8gb-gddr6-128bit-_JM#polycard_client=search-nordic&position=20&search_layout=grid&type=item&tracking_id=06aea46e-f2e4-4787-972c-b79d1b5ac504;Placa De Vídeo Galax Nvidia Rtx 3050 8gb Gddr6 128bit;3.533;R$3.533,75;Lolist;+100mil vendas;Último disponível!;30/11/2024 00:25:17
https://www.mercadolivre.com.br/placa-grafica-dupla-nvidia-geforce-rtx-3050-6gb/p/MLB35276804#polycard_client=search-nordic&wid=MLB3686237485&sid=search&searchVariation=MLB35276804&position=6&search_layout=grid&type=product&tracking_id=06aea46e-f2e4-4787-972c-b79d1b5ac504;Placa gráfica dupla Nvidia Geforce Rtx 3050 6gb;1.499;R$1.499;Login tecnologia;Mercadolíder | +10mil vendas;Último disponível!;30/11/2024 00:25:18
https://produto.mercadolivre.com.br/MLB-3879640975-placa-de-video-msi-geforce-rtx-3050-ventus-2x-6g-oc-6gb-_JM#polycard_client=search-nordic&position=21&search_layout=grid&type=item&tracking_id=06aea46e-f2e4-4787-972c-b79d1b5ac504;Placa De Vídeo Msi Geforce Rtx 3050 Ventus 2x 6g Oc 6gb;1.731;R$1.731,25;Hdstore.com.br;Mercadolíder | +10mil vendas;Último disponível!;30/11/2024 00:25:18
https://produto.mercadolivre.com.br/MLB-3769755311-placa-de-video-galax-nvidia-rtx-3050-8gb-gddr6-128bit-_JM#polycard_client=search-nordic&position=22&search_layout=grid&type=item&tracking_id=06aea46e-f2e4-4787-972c-b79d1b5ac504;Placa De Vídeo Galax Nvidia Rtx 3050 8gb Gddr6 128bit;2.432;R$2.432,61;Lolist;+100mil vendas;Último disponível!;30/11/2024 00:25:19
https://www.mercadolivre.com.br/placa-de-video-msi-geforce-rtx-3050-ventus-2x-6g-oc/p/MLB40164061#polycard_client=search-nordic&wid=MLB5109800166&sid=search&searchVariation=MLB40164061&position=5&search_layout=grid&type=product&tracking_id=06aea46e-f2e4-4787-972c-b79d1b5ac504;Placa de vídeo Msi Geforce Rtx 3050 Ventus 2x 6g Oc;R$2.470;R$1.482;Mixmarcas;Mercadolíder | +10mil vendas;2 disponíveis;30/11/2024 00:25:20
https://produto.mercadolivre.com.br/MLB-3763297650-placa-de-video-galax-nvidia-rtx-3050-8gb-gddr6-128bit-_JM#polycard_client=search-nordic&position=23&search_layout=grid&type=item&tracking_id=06aea46e-f2e4-4787-972c-b79d1b5ac504;Placa De Vídeo Galax Nvidia Rtx 3050 8gb Gddr6 128bit;4.201;R$4.201,48;Olist;+500mil vendas;Último disponível!;30/11/2024 00:25:20
https://www.mercadolivre.com.br/placa-de-video-zotac-geforce-rtx3050-6gb-nvidia-gddr6-96bits/p/MLB37768706#polycard_client=search-nordic&wid=MLB3858298331&sid=search&searchVariation=MLB37768706&position=9&search_layout=grid&type=product&tracking_id=06aea46e-f2e4-4787-972c-b79d1b5ac504;Placa De Vídeo Zotac Geforce Rtx3050 6gb Nvidia Gddr6 96bits;1.646;R$1.646,04;Bitboss.;Mercadolíder | +1000 vendas;2 disponíveis;30/11/2024 00:25:21
https://www.mercadolivre.com.br/placa-de-video-gainward-pegasus-geforce-rtx3050-6gb-gddr6/p/MLB35885340#polycard_client=search-nordic&wid=MLB5024356514&sid=search&searchVariation=MLB35885340&position=8&search_layout=grid&type=product&tracking_id=06aea46e-f2e4-4787-972c-b79d1b5ac504;Placa De Vídeo Gainward Pegasus Geforce Rtx3050 6gb Gddr6;1.297;R$1.297;Mrinformatica2024;Mercadolíder | +1000 vendas;2 disponíveis;30/11/2024 00:25:22
https://produto.mercadolivre.com.br/MLB-3769498295-placa-video-galax-geforce-rtx-3050-1-click-oc-v2-8gb-128bit-_JM#polycard_client=search-nordic&position=24&search_layout=grid&type=item&tracking_id=06aea46e-f2e4-4787-972c-b79d1b5ac504;Placa Vídeo Galax Geforce Rtx 3050 1-click Oc V2 8gb 128bit;2.396;R$2.396,90;Lolist;+100mil vendas;Último disponível!;30/11/2024 00:25:22
https://produto.mercadolivre.com.br/MLB-3822440399-placa-de-video-rtx3050-6gb-gddr6-lp-96bits-msi-912-v812-023-_JM#polycard_client=search-nordic&position=25&search_layout=grid&type=item&tracking_id=06aea46e-f2e4-4787-972c-b79d1b5ac504;Placa De Vídeo Rtx3050 6gb Gddr6 Lp 96bits Msi 912-v812-023;1.633;R$1.633,20;Maddog;+1000 vendas;2 disponíveis;30/11/2024 00:25:23
https://produto.mercadolivre.com.br/MLB-3686107917-placa-de-video-asus-nvidia-geforce-rtx3050-oc-6gb-gddr6-_JM#polycard_client=search-nordic&position=26&search_layout=grid&type=item&tracking_id=06aea46e-f2e4-4787-972c-b79d1b5ac504;Placa De Vídeo Asus Nvidia Geforce Rtx3050 Oc 6gb Gddr6;1.599;R$1.599;Llogin;+10mil vendas;Último disponível!;30/11/2024 00:25:24
https://produto.mercadolivre.com.br/MLB-3769768185-placa-de-video-galax-nvidia-rtx-3050-8gb-gddr6-128bit-_JM#polycard_client=search-nordic&position=27&search_layout=grid&type=item&tracking_id=06aea46e-f2e4-4787-972c-b79d1b5ac504;Placa De Vídeo Galax Nvidia Rtx 3050 8gb Gddr6 128bit;2.384;R$2.384,91;Lolist;+100mil vendas;Último disponível!;30/11/2024 00:25:24
https://produto.mercadolivre.com.br/MLB-3769486895-placa-video-galax-geforce-rtx-3050-1-click-oc-v2-8gb-128bit-_JM#polycard_client=search-nordic&position=28&search_layout=grid&type=item&tracking_id=06aea46e-f2e4-4787-972c-b79d1b5ac504;Placa Vídeo Galax Geforce Rtx 3050 1-click Oc V2 8gb 128bit;2.349;R$2.349,90;Lolist;+100mil vendas;Último disponível!;30/11/2024 00:25:25
https://produto.mercadolivre.com.br/MLB-5131559312-placa-de-video-gainward-pegasus-geforce-rtx3050-6gb-gddr6-_JM#polycard_client=search-nordic&position=29&search_layout=grid&type=item&tracking_id=06aea46e-f2e4-4787-972c-b79d1b5ac504;Placa De Vídeo Gainward Pegasus Geforce Rtx3050 6gb Gddr6;1.385;R$1.385;Techconnectinformatica;+50 vendas;5 disponíveis;30/11/2024 00:25:26
https://produto.mercadolivre.com.br/MLB-3823486737-placa-de-video-rtx3050-6gb-gddr6-lp-96bits-msi-_JM#polycard_client=search-nordic&position=30&search_layout=grid&type=item&tracking_id=06aea46e-f2e4-4787-972c-b79d1b5ac504;Placa De Vídeo Rtx3050 6gb Gddr6 Lp 96bits Msi;1.735;R$1.735,99;Bitboss.;Mercadolíder | +1000 vendas;2 disponíveis;30/11/2024 00:25:26
https://produto.mercadolivre.com.br/MLB-5011547900-placa-de-video-rtx3050-6gb-gddr6-96bits-ventus-2x-oc-msi-_JM#polycard_client=search-nordic&position=31&search_layout=grid&type=item&tracking_id=06aea46e-f2e4-4787-972c-b79d1b5ac504;Placa De Vídeo Rtx3050 6gb Gddr6 96bits Ventus 2x Oc Msi;1.615;R$1.615,05;Maddog;+1000 vendas;2 disponíveis;30/11/2024 00:25:27
https://produto.mercadolivre.com.br/MLB-3632544509-placa-de-video-gainward-geforce-rtx-3050-pegasus-6gb-gddr6-_JM#polycard_client=search-nordic&position=32&search_layout=grid&type=item&tracking_id=06aea46e-f2e4-4787-972c-b79d1b5ac504;Placa De Vídeo Gainward Geforce Rtx 3050 Pegasus 6gb Gddr6;1.656;R$1.656,98;Hdstore.com.br;Mercadolíder | +10mil vendas;+50 disponíveis;30/11/2024 00:25:27
https://produto.mercadolivre.com.br/MLB-5011416814-placa-de-video-rtx3050-6gb-gddr6-96bits-ventus-2x-oc-msi-_JM#polycard_client=search-nordic&position=33&search_layout=grid&type=item&tracking_id=06aea46e-f2e4-4787-972c-b79d1b5ac504;Placa De Vídeo Rtx3050 6gb Gddr6 96bits Ventus 2x Oc Msi;1.608;R$1.608,41;Bitboss.;Mercadolíder | +1000 vendas;2 disponíveis;30/11/2024 00:25:28
https://produto.mercadolivre.com.br/MLB-3632544517-placa-de-video-gainward-geforce-rtx-3050-pegasus-6gb-gddr6-_JM#polycard_client=search-nordic&position=34&search_layout=grid&type=item&tracking_id=06aea46e-f2e4-4787-972c-b79d1b5ac504;Placa De Vídeo Gainward Geforce Rtx 3050 Pegasus 6gb Gddr6;1.884;R$1.884,55;Hdstore.com.br;Mercadolíder | +10mil vendas;+50 disponíveis;30/11/2024 00:25:29
https://produto.mercadolivre.com.br/MLB-4858939910-placa-de-video-rtx-3050-6gb-gddr6-pegasus-gainward-_JM#polycard_client=search-nordic&position=35&search_layout=grid&type=item&tracking_id=06aea46e-f2e4-4787-972c-b79d1b5ac504;Placa De Vídeo Rtx 3050 6gb Gddr6 Pegasus Gainward;1.727;R$1.727,78;Bitboss.;Mercadolíder | +1000 vendas;3 disponíveis;30/11/2024 00:25:29
https://produto.mercadolivre.com.br/MLB-3801424597-placa-de-video-zotac-nvidia-geforce-rtx-3050-6gb-gddr6-dlss-_JM#polycard_client=search-nordic&position=36&search_layout=grid&type=item&tracking_id=06aea46e-f2e4-4787-972c-b79d1b5ac504;Placa De Vídeo Zotac Nvidia Geforce Rtx 3050 6gb Gddr6 Dlss;2.049;R$2.049,90;Lolist;+100mil vendas;Último disponível!;30/11/2024 00:25:30
https://produto.mercadolivre.com.br/MLB-5014176280-placa-de-video-rtx3050-6gb-gddr6-96bits-ventus-2x-oc-msi-_JM#polycard_client=search-nordic&position=37&search_layout=grid&type=item&tracking_id=06aea46e-f2e4-4787-972c-b79d1b5ac504;Placa De Vídeo Rtx3050 6gb Gddr6 96bits Ventus 2x Oc Msi;1.718;R$1.718,73;Bitboss.;Mercadolíder | +1000 vendas;2 disponíveis;30/11/2024 00:25:31
https://produto.mercadolivre.com.br/MLB-4704220860-placa-de-video-rtx-3050-6gb-gddr6x-96bits-dual-fan-asus-_JM#polycard_client=search-nordic&position=38&search_layout=grid&type=item&tracking_id=06aea46e-f2e4-4787-972c-b79d1b5ac504;Placa De Vídeo Rtx 3050 6gb Gddr6x 96bits Dual Fan Asus;1.713;R$1.713,40;Maddog;+1000 vendas;Último disponível!;30/11/2024 00:25:31
https://produto.mercadolivre.com.br/MLB-5011489312-placa-de-video-rtx3050-6gb-gddr6-96bits-ventus-2x-oc-msi-_JM#polycard_client=search-nordic&position=39&search_layout=grid&type=item&tracking_id=06aea46e-f2e4-4787-972c-b79d1b5ac504;Placa De Vídeo Rtx3050 6gb Gddr6 96bits Ventus 2x Oc Msi;1.726;R$1.726,31;Maddog;+1000 vendas;2 disponíveis;30/11/2024 00:25:32
https://produto.mercadolivre.com.br/MLB-4991759636-placa-video-msi-rtx-3050-oc-6gb-gddr6-96bits-912-v812-023-_JM#polycard_client=search-nordic&position=40&search_layout=grid&type=item&tracking_id=06aea46e-f2e4-4787-972c-b79d1b5ac504;Placa Vídeo Msi Rtx 3050 Oc 6gb Gddr6 96bits 912-v812-023;1.619;R$1.619;Sd.cominformaticapoa;+100 vendas;Último disponível!;30/11/2024 00:25:32
https://produto.mercadolivre.com.br/MLB-3826522709-placa-de-video-asus-dual-nvidia-rtx-3050-oc-6gb-gddr6-dlss-_JM#polycard_client=search-nordic&position=41&search_layout=grid&type=item&tracking_id=06aea46e-f2e4-4787-972c-b79d1b5ac504;Placa De Vídeo Asus Dual Nvidia Rtx 3050 Oc 6gb Gddr6 Dlss;1.744;R$1.744,43;Lalligator shop;+5mil vendas;5 disponíveis;30/11/2024 00:25:33
https://produto.mercadolivre.com.br/MLB-3849970981-gpu-nvidia-geforce-rtx-3050-6gb-gddr6-96bits-pcyes-pvrtx3050-_JM#polycard_client=search-nordic&position=42&search_layout=grid&type=item&tracking_id=06aea46e-f2e4-4787-972c-b79d1b5ac504;Gpu Nvidia Geforce Rtx 3050 6gb Gddr6 96bits Pcyes Pvrtx3050;1.631;R$1.631,96;Ljaguara;+1000 vendas;+50 disponíveis;30/11/2024 00:25:34
https://produto.mercadolivre.com.br/MLB-5155393836-placa-de-video-geforce-rtx-3050-manli-6-gb-gddr6-dual-fan-_JM#polycard_client=search-nordic&position=43&search_layout=grid&type=item&tracking_id=06aea46e-f2e4-4787-972c-b79d1b5ac504;Placa De Vídeo Geforce Rtx 3050 Manli 6 Gb Gddr6 Dual Fan;1.648;R$1.648;Efacini;Mercadolíder | +10mil vendas;5 disponíveis;30/11/2024 00:25:34
https://produto.mercadolivre.com.br/MLB-5072733902-placa-de-video-rtx-3050-6gb-lp-gddr6-96bits-zotac-_JM#polycard_client=search-nordic&position=44&search_layout=grid&type=item&tracking_id=06aea46e-f2e4-4787-972c-b79d1b5ac504;Placa De Vídeo Rtx 3050 6gb Lp Gddr6 96bits Zotac;1.766;R$1.766,69;Maddog;+1000 vendas;2 disponíveis;30/11/2024 00:25:35
https://produto.mercadolivre.com.br/MLB-4784191540-placa-de-video-msi-geforce-rtx-3050-oc-6gb-gddr6-96bits-_JM#polycard_client=search-nordic&position=45&search_layout=grid&type=item&tracking_id=06aea46e-f2e4-4787-972c-b79d1b5ac504;Placa De Vídeo Msi Geforce Rtx 3050 Oc 6gb Gddr6 96bits;1.795;R$1.795,17;Hdstore.com.br;Mercadolíder | +10mil vendas;Último disponível!;30/11/2024 00:25:35
https://produto.mercadolivre.com.br/MLB-3858299551-placa-de-video-rtx-3050-6gb-lp-gddr6-96bits-zotac-_JM#polycard_client=search-nordic&position=46&search_layout=grid&type=item&tracking_id=06aea46e-f2e4-4787-972c-b79d1b5ac504;Placa De Vídeo Rtx 3050 6gb Lp Gddr6 96bits Zotac;1.758;R$1.758,93;Bitboss.;Mercadolíder | +1000 vendas;2 disponíveis;30/11/2024 00:25:36
https://produto.mercadolivre.com.br/MLB-3859546769-placa-de-video-rtx-3050-6gb-lp-gddr6-96bits-zotac-_JM#polycard_client=search-nordic&position=47&search_layout=grid&type=item&tracking_id=06aea46e-f2e4-4787-972c-b79d1b5ac504;Placa De Vídeo Rtx 3050 6gb Lp Gddr6 96bits Zotac;1.652;R$1.652,83;Maddog;+1000 vendas;2 disponíveis;30/11/2024 00:25:37
https://produto.mercadolivre.com.br/MLB-3841504895-placa-de-video-rtx3050-6gb-twin-x2-gddr6-96-bits-inno3d-_JM#polycard_client=search-nordic&position=48&search_layout=grid&type=item&tracking_id=06aea46e-f2e4-4787-972c-b79d1b5ac504;Placa De Vídeo Rtx3050 6gb Twin X2 Gddr6 96 Bits Inno3d;1.777;R$1.777,63;Maddog;+1000 vendas;2 disponíveis;30/11/2024 00:25:38
https://produto.mercadolivre.com.br/MLB-4991847172-placa-video-msi-rtx-3050-oc-6gb-gddr6-96bits-912-v812-023-_JM#polycard_client=search-nordic&position=49&search_layout=grid&type=item&tracking_id=06aea46e-f2e4-4787-972c-b79d1b5ac504;Placa Vídeo Msi Rtx 3050 Oc 6gb Gddr6 96bits 912-v812-023;1.529;R$1.529,90;Sd.cominformaticapoa;+100 vendas;Último disponível!;30/11/2024 00:25:38
https://produto.mercadolivre.com.br/MLB-5011403854-placa-de-video-rtx3050-6gb-gddr6-lp-96bits-msi-_JM#polycard_client=search-nordic&position=50&search_layout=grid&type=item&tracking_id=06aea46e-f2e4-4787-972c-b79d1b5ac504;Placa De Vídeo Rtx3050 6gb Gddr6 Lp 96bits Msi;1.624;R$1.624,56;Bitboss.;Mercadolíder | +1000 vendas;2 disponíveis;30/11/2024 00:25:39
https://www.mercadolivre.com.br/placa-de-video-gpu-nvidia-geforce-rtx-3050-6gb-gddr6-96bits/p/MLB41221063#polycard_client=search-nordic&wid=MLB5139988046&sid=search&searchVariation=MLB41221063&position=3&search_layout=grid&type=product&tracking_id=06aea46e-f2e4-4787-972c-b79d1b5ac504;Placa De Video Gpu Nvidia Geforce Rtx 3050 6gb Gddr6 96bits;1.631;R$1.631,96;Ljaguara;+1000 vendas;+50 disponíveis;30/11/2024 00:25:40
https://produto.mercadolivre.com.br/MLB-3682543447-placa-de-video-nvidia-rtx-3050-6gb-ddr6-dual-asus-_JM#polycard_client=search-nordic&position=4&search_layout=grid&type=item&tracking_id=46642ada-04d7-4041-94c3-108f0afb1bcb;Placa De Video Nvidia Rtx 3050 6gb Ddr6 Dual Asus;1.669;R$1.669,99;Comprasja2024;Mercadolíder | +1000 vendas;5 disponíveis;30/11/2024 00:25:40
https://produto.mercadolivre.com.br/MLB-4552197526-placa-de-video-rtx-3050-6gb-gddr6-pegasus-gainward-_JM#polycard_client=search-nordic&position=5&search_layout=grid&type=item&tracking_id=46642ada-04d7-4041-94c3-108f0afb1bcb;Placa De Vídeo Rtx 3050 6gb Gddr6 Pegasus Gainward;1.616;R$1.616,88;Bitboss.;Mercadolíder | +1000 vendas;3 disponíveis;30/11/2024 00:25:41
https://produto.mercadolivre.com.br/MLB-3791169441-placa-de-video-zotac-nvidia-geforce-rtx-3050-6gb-gddr6-dlss-_JM#polycard_client=search-nordic&position=6&search_layout=grid&type=item&tracking_id=46642ada-04d7-4041-94c3-108f0afb1bcb;Placa De Vídeo Zotac Nvidia Geforce Rtx 3050 6gb Gddr6 Dlss;1.599;R$1.599,90;Infinity.informática;+1000 vendas;2 disponíveis;30/11/2024 00:25:42
https://produto.mercadolivre.com.br/MLB-3815985915-placa-grafica-msi-gaming-rtx-3050-gaming-x-6g-6gb-gddr6-_JM#polycard_client=search-nordic&position=7&search_layout=grid&type=item&tracking_id=46642ada-04d7-4041-94c3-108f0afb1bcb;Placa Gráfica Msi Gaming Rtx 3050 Gaming X 6g 6gb Gddr6;R$1.607,97;R$1.334,62;Us nocnoc-brr;Mercadolíder | +50mil vendas;+20 disponíveis;30/11/2024 00:25:42
https://produto.mercadolivre.com.br/MLB-4962685882-placa-de-video-rtx-3050-6gb-gddr6-asus-geforce-dual-_JM#polycard_client=search-nordic&position=8&search_layout=grid&type=item&tracking_id=46642ada-04d7-4041-94c3-108f0afb1bcb;Placa De Video Rtx 3050 6gb Gddr6 Asus Geforce Dual;1.795;R$1.795;Vidacomdistribuidora;+100 vendas;Último disponível!;30/11/2024 00:25:43
https://produto.mercadolivre.com.br/MLB-4784204194-placa-de-video-msi-geforce-rtx-3050-oc-6gb-gddr6-96bits-_JM#polycard_client=search-nordic&position=9&search_layout=grid&type=item&tracking_id=46642ada-04d7-4041-94c3-108f0afb1bcb;Placa De Vídeo Msi Geforce Rtx 3050 Oc 6gb Gddr6 96bits;1.662;R$1.662,20;Hdstore.com.br;Mercadolíder | +10mil vendas;Último disponível!;30/11/2024 00:25:43
https://produto.mercadolivre.com.br/MLB-5043603398-placa-de-video-rtx3050-6gb-twin-x2-gddr6-96-bits-inno3d-_JM#polycard_client=search-nordic&position=10&search_layout=grid&type=item&tracking_id=46642ada-04d7-4041-94c3-108f0afb1bcb;Placa De Vídeo Rtx3050 6gb Twin X2 Gddr6 96 Bits Inno3d;1.557;R$1.557,21;Bitboss.;Mercadolíder | +1000 vendas;2 disponíveis;30/11/2024 00:25:44
https://produto.mercadolivre.com.br/MLB-5049191746-placa-grafica-msi-gaming-rtx-3050-lp-6g-oc-6gb-gddr6-_JM#polycard_client=search-nordic&position=11&search_layout=grid&type=item&tracking_id=46642ada-04d7-4041-94c3-108f0afb1bcb;Placa Gráfica Msi Gaming Rtx 3050 Lp 6g Oc 6gb Gddr6;R$1.719,72;R$1.427,37;Lnocnoc usa;+10mil vendas;Último disponível!;30/11/2024 00:25:44
https://produto.mercadolivre.com.br/MLB-3682555247-placa-de-video-nvidia-rtx-3050-6gb-ddr6-asus-_JM#polycard_client=search-nordic&position=12&search_layout=grid&type=item&tracking_id=46642ada-04d7-4041-94c3-108f0afb1bcb;Placa De Video Nvidia Rtx 3050 6gb Ddr6 Asus;1.699;R$1.699,99;Comprasja2024;Mercadolíder | +1000 vendas;5 disponíveis;30/11/2024 00:25:45
https://produto.mercadolivre.com.br/MLB-4818640856-placa-de-video-msi-geforce-rtx-3050-oc-6gb-gddr6-96bits-_JM#polycard_client=search-nordic&position=13&search_layout=grid&type=item&tracking_id=46642ada-04d7-4041-94c3-108f0afb1bcb;Placa De Vídeo Msi Geforce Rtx 3050 Oc 6gb Gddr6 96bits;1.489;R$1.489,90;Dataservermanut;Mercadolíder | +5mil vendas;2 disponíveis;30/11/2024 00:25:46
https://produto.mercadolivre.com.br/MLB-3841470815-placa-de-video-rtx3050-6gb-twin-x2-gddr6-96-bits-inno3d-_JM#polycard_client=search-nordic&position=14&search_layout=grid&type=item&tracking_id=46642ada-04d7-4041-94c3-108f0afb1bcb;Placa De Vídeo Rtx3050 6gb Twin X2 Gddr6 96 Bits Inno3d;1.663;R$1.663,06;Maddog;+1000 vendas;2 disponíveis;30/11/2024 00:25:46
https://produto.mercadolivre.com.br/MLB-5120348722-vga-msi-geforce-nvidia-rtx-3050-ventus-2x-6-gb-oc-gddr6-_JM#polycard_client=search-nordic&position=15&search_layout=grid&type=item&tracking_id=46642ada-04d7-4041-94c3-108f0afb1bcb;Vga Msi Geforce Nvidia Rtx 3050 Ventus 2x 6 Gb Oc Gddr6;1.569;R$1.569;Techconnectinformatica;+50 vendas;5 disponíveis;30/11/2024 00:25:47
https://produto.mercadolivre.com.br/MLB-4883452306-placa-de-video-msi-geforce-rtx-3050-oc-6gb-gddr6-96bits-_JM#polycard_client=search-nordic&position=16&search_layout=grid&type=item&tracking_id=46642ada-04d7-4041-94c3-108f0afb1bcb;Placa De Vídeo Msi Geforce Rtx 3050 Oc 6gb Gddr6 96bits;1.799;R$1.799;Eliteinformaticajunior;+1000 vendas;2 disponíveis;30/11/2024 00:25:47
https://produto.mercadolivre.com.br/MLB-5175525424-placa-de-video-geforce-rtx-3050-6gb-msi-_JM#polycard_client=search-nordic&position=17&search_layout=grid&type=item&tracking_id=46642ada-04d7-4041-94c3-108f0afb1bcb;Placa De Video Geforce Rtx 3050 6gb - Msi;1.790;R$1.790;Pc informatica10;Mercadolíder | +1000 vendas;Último disponível!;30/11/2024 00:25:48
https://produto.mercadolivre.com.br/MLB-3849114247-placa-grafica-asus-dual-nvidia-geforce-rtx-3050-6gb-gddr6-_JM#polycard_client=search-nordic&position=18&search_layout=grid&type=item&tracking_id=46642ada-04d7-4041-94c3-108f0afb1bcb;Placa Gráfica Asus Dual Nvidia Geforce Rtx 3050 6gb Gddr6;R$1.670,76;R$1.386,73;Us nocnoc-brr;Mercadolíder | +50mil vendas;+20 disponíveis;30/11/2024 00:25:49
https://produto.mercadolivre.com.br/MLB-5161509698-placa-de-video-msi-geforce-rtx-3050-ventus-2x-6gb-gddr6-_JM#polycard_client=search-nordic&position=19&search_layout=grid&type=item&tracking_id=46642ada-04d7-4041-94c3-108f0afb1bcb;Placa De Vídeo Msi Geforce Rtx 3050 Ventus 2x 6gb Gddr6;1.459;R$1.459;Techconnectinformatica;+50 vendas;5 disponíveis;30/11/2024 00:25:49
https://produto.mercadolivre.com.br/MLB-4704323750-placa-de-video-rtx-3050-6gb-gddr6x-96bits-dual-fan-asus-_JM#polycard_client=search-nordic&position=20&search_layout=grid&type=item&tracking_id=46642ada-04d7-4041-94c3-108f0afb1bcb;Placa De Vídeo Rtx 3050 6gb Gddr6x 96bits Dual Fan Asus;1.602;R$1.602,97;Maddog;+1000 vendas;Último disponível!;30/11/2024 00:25:50
https://produto.mercadolivre.com.br/MLB-4562325334-placa-video-6-gb-gainward-pegasus-gf-rtx3050-d6-ne63050018je-_JM#polycard_client=search-nordic&position=21&search_layout=grid&type=item&tracking_id=46642ada-04d7-4041-94c3-108f0afb1bcb;Placa Video 6 Gb Gainward Pegasus Gf Rtx3050 D6 Ne63050018je;1.479;R$1.479;Vrsinformaticabaurultda;+100 vendas;Último disponível!;30/11/2024 00:25:51
https://produto.mercadolivre.com.br/MLB-3822452861-placa-de-video-rtx3050-6gb-gddr6-lp-96bits-msi-912-v812-023-_JM#polycard_client=search-nordic&position=22&search_layout=grid&type=item&tracking_id=46642ada-04d7-4041-94c3-108f0afb1bcb;Placa De Vídeo Rtx3050 6gb Gddr6 Lp 96bits Msi 912-v812-023;1.743;R$1.743,64;Maddog;+1000 vendas;2 disponíveis;30/11/2024 00:25:51
https://produto.mercadolivre.com.br/MLB-5131381068-gpu-nvidia-geforce-rtx-3050-6gb-gddr6-96bits-pcyes-pvrtx3050-_JM#polycard_client=search-nordic&position=23&search_layout=grid&type=item&tracking_id=46642ada-04d7-4041-94c3-108f0afb1bcb;Gpu Nvidia Geforce Rtx 3050 6gb Gddr6 96bits Pcyes Pvrtx3050;1.999;R$1.999;2ushop;+5 vendas;+50 disponíveis;30/11/2024 00:25:52
https://produto.mercadolivre.com.br/MLB-3849174621-placa-grafica-asus-dual-nvidia-geforce-rtx-3050-6gb-oc-_JM#polycard_client=search-nordic&position=24&search_layout=grid&type=item&tracking_id=46642ada-04d7-4041-94c3-108f0afb1bcb;Placa Gráfica Asus Dual Nvidia Geforce Rtx 3050 6gb Oc;R$1.621,80;R$1.346,09;Us nocnoc-brr;Mercadolíder | +50mil vendas;+20 disponíveis;30/11/2024 00:25:53
https://produto.mercadolivre.com.br/MLB-3849170625-placa-grafica-asus-geforce-rtx-3050-lp-brk-oc-6gb-gddr6-_JM#polycard_client=search-nordic&position=25&search_layout=grid&type=item&tracking_id=46642ada-04d7-4041-94c3-108f0afb1bcb;Placa Gráfica Asus Geforce Rtx 3050 Lp Brk Oc 6gb Gddr6;R$2.001,24;R$1.661,03;Us nocnoc-brr;Mercadolíder | +50mil vendas;+20 disponíveis;30/11/2024 00:25:53
https://produto.mercadolivre.com.br/MLB-5081473630-placa-de-video-superframe-rtx-3050-epic-6gb-dlss-ray-tracing-_JM#polycard_client=search-nordic&position=26&search_layout=grid&type=item&tracking_id=46642ada-04d7-4041-94c3-108f0afb1bcb;Placa De Vídeo Superframe Rtx 3050 Epic 6gb Dlss Ray Tracing;1.419;R$1.419,90;Johnnvillanovactba;+100 vendas;2 disponíveis;30/11/2024 00:25:54
https://produto.mercadolivre.com.br/MLB-3899794181-placa-de-video-msi-geforce-rtx-3050-ventus-2x-6gb-gddr6-_JM#polycard_client=search-nordic&position=27&search_layout=grid&type=item&tracking_id=46642ada-04d7-4041-94c3-108f0afb1bcb;Placa De Vídeo Msi Geforce Rtx 3050 Ventus 2x 6gb Gddr6;1.389;R$1.389;Techconnectinformatica;+50 vendas;5 disponíveis;30/11/2024 00:25:54
https://produto.mercadolivre.com.br/MLB-3791180549-placa-de-video-zotac-nvidia-geforce-rtx-3050-6gb-gddr6-dlss-_JM#polycard_client=search-nordic&position=28&search_layout=grid&type=item&tracking_id=46642ada-04d7-4041-94c3-108f0afb1bcb;Placa De Vídeo Zotac Nvidia Geforce Rtx 3050 6gb Gddr6 Dlss;1.499;R$1.499,90;Infinity.informática;+1000 vendas;2 disponíveis;30/11/2024 00:25:55
https://produto.mercadolivre.com.br/MLB-4998022706-placa-grafica-msi-gaming-rtx-3050-lp-6g-oc-6gb-gddr6-_JM#polycard_client=search-nordic&position=29&search_layout=grid&type=item&tracking_id=46642ada-04d7-4041-94c3-108f0afb1bcb;Placa Gráfica Msi Gaming Rtx 3050 Lp 6g Oc 6gb Gddr6;R$1.719,72;R$1.427,37;Us nocnoc-brr;Mercadolíder | +50mil vendas;Último disponível!;30/11/2024 00:25:56
https://produto.mercadolivre.com.br/MLB-3895114487-notebook-gamer-dell-g15-intel-i5-13ger-16gb-512gb-rtx-3050-_JM#polycard_client=search-nordic&position=30&search_layout=grid&type=item&tracking_id=46642ada-04d7-4041-94c3-108f0afb1bcb;Notebook Gamer Dell G15 Intel I5 13ger 16gb 512gb Rtx 3050;7.000;R$7.000;Nutrijackgarzon;+100 vendas;5 disponíveis;30/11/2024 00:25:57
https://produto.mercadolivre.com.br/MLB-4966217850-placa-de-video-zotac-nvidia-geforce-rtx-3050-6gb-gddr6-dlss-_JM#polycard_client=search-nordic&position=31&search_layout=grid&type=item&tracking_id=46642ada-04d7-4041-94c3-108f0afb1bcb;Placa De Vídeo Zotac Nvidia Geforce Rtx 3050 6gb Gddr6 Dlss;2.027;R$2.027,91;Lolist;+100mil vendas;Último disponível!;30/11/2024 00:25:57
https://produto.mercadolivre.com.br/MLB-4883499382-placa-de-video-msi-geforce-rtx-3050-oc-6gb-gddr6-96bits-_JM#polycard_client=search-nordic&position=32&search_layout=grid&type=item&tracking_id=46642ada-04d7-4041-94c3-108f0afb1bcb;Placa De Vídeo Msi Geforce Rtx 3050 Oc 6gb Gddr6 96bits;1.799;R$1.799;Webeliteinfo;+100 vendas;3 disponíveis;30/11/2024 00:25:58
https://produto.mercadolivre.com.br/MLB-4966179520-placa-de-video-zotac-nvidia-geforce-rtx-3050-6gb-gddr6-dlss-_JM#polycard_client=search-nordic&position=33&search_layout=grid&type=item&tracking_id=46642ada-04d7-4041-94c3-108f0afb1bcb;Placa De Vídeo Zotac Nvidia Geforce Rtx 3050 6gb Gddr6 Dlss;2.021;R$2.021,98;Lolist;+100mil vendas;Último disponível!;30/11/2024 00:25:59
https://produto.mercadolivre.com.br/MLB-3674658819-placa-de-video-gainward-pegasus-geforce-rtx3050-6gb-gddr6-_JM#polycard_client=search-nordic&position=34&search_layout=grid&type=item&tracking_id=46642ada-04d7-4041-94c3-108f0afb1bcb;Placa De Vídeo Gainward Pegasus Geforce Rtx3050 6gb Gddr6;1.310;R$1.310;Mriinformtica;+5mil vendas;2 disponíveis;30/11/2024 00:25:59
https://produto.mercadolivre.com.br/MLB-3914291047-placa-de-video-msi-geforce-rtx-3050-6gb-oc-gddr6-96-bits-_JM#polycard_client=search-nordic&position=35&search_layout=grid&type=item&tracking_id=46642ada-04d7-4041-94c3-108f0afb1bcb;Placa De Vídeo Msi Geforce Rtx 3050 6gb Oc Gddr6 96 Bits;1.874;R$1.874,83;Bits2;+100 vendas;+50 disponíveis;30/11/2024 00:26:00
https://produto.mercadolivre.com.br/MLB-3914242777-zotac-gaming-geforce-rtx-3050-6gb-lp-gddr6-zt-a30510l-10l-_JM#polycard_client=search-nordic&position=36&search_layout=grid&type=item&tracking_id=46642ada-04d7-4041-94c3-108f0afb1bcb;Zotac Gaming Geforce Rtx 3050 6gb Lp Gddr6 - Zt-a30510l-10l;1.950;R$1.950,30;Bits2;+100 vendas;+5 disponíveis;30/11/2024 00:26:00
https://produto.mercadolivre.com.br/MLB-3869046117-placa-de-video-rtx-3050-6gb-asus-dual-_JM#polycard_client=search-nordic&position=37&search_layout=grid&type=item&tracking_id=46642ada-04d7-4041-94c3-108f0afb1bcb;Placa De Vídeo Rtx 3050 6gb Asus Dual;1.597;R$1.597,90;Jctechabc;+5 vendas;2 disponíveis;30/11/2024 00:26:01
https://produto.mercadolivre.com.br/MLB-5166383288-placa-grafica-gigabyte-geforce-rtx-3050-oc-low-profile-6gb-_JM#polycard_client=search-nordic&position=38&search_layout=grid&type=item&tracking_id=46642ada-04d7-4041-94c3-108f0afb1bcb;Placa Gráfica Gigabyte Geforce Rtx 3050 Oc Low Profile 6gb;2.975;R$2.975,54;Rocketlion;+1000 vendas;+5 disponíveis;30/11/2024 00:26:02
https://produto.mercadolivre.com.br/MLB-5162279350-placa-grafica-msi-gaming-rtx-3050-lp-6g-oc-6gb-gddr6-_JM#polycard_client=search-nordic&position=39&search_layout=grid&type=item&tracking_id=46642ada-04d7-4041-94c3-108f0afb1bcb;Placa Gráfica Msi Gaming Rtx 3050 Lp 6g Oc 6gb Gddr6;3.200;R$3.200,03;Rocketlion;+1000 vendas;+5 disponíveis;30/11/2024 00:26:02
https://produto.mercadolivre.com.br/MLB-3913384079-placa-grafica-asus-geforce-rtx-3050-lp-brk-oc-6gb-gddr6-_JM#polycard_client=search-nordic&position=40&search_layout=grid&type=item&tracking_id=46642ada-04d7-4041-94c3-108f0afb1bcb;Placa Gráfica Asus Geforce Rtx 3050 Lp Brk Oc 6gb Gddr6;3.450;R$3.450,60;Rocketlion;+1000 vendas;+5 disponíveis;30/11/2024 00:26:03
https://produto.mercadolivre.com.br/MLB-3915748941-placa-grafica-asus-dual-nvidia-geforce-rtx-3050-6gb-oc-_JM#polycard_client=search-nordic&position=41&search_layout=grid&type=item&tracking_id=46642ada-04d7-4041-94c3-108f0afb1bcb;Placa Gráfica Asus Dual Nvidia Geforce Rtx 3050 6gb Oc;2.825;R$2.825,14;Rocketlion;+1000 vendas;+5 disponíveis;30/11/2024 00:26:03
https://www.mercadolivre.com.br/placa-de-video-msi-geforce-rtx-3050-ventus-2x-oc-8gb-gddr6/p/MLB28632381#polycard_client=search-nordic&wid=MLB3844893009&sid=search&searchVariation=MLB28632381&position=3&search_layout=grid&type=product&tracking_id=46642ada-04d7-4041-94c3-108f0afb1bcb;Placa de vídeo Msi Geforce Rtx 3050 Ventus 2x Oc 8gb Gddr6;6.002;R$6.002,10;Rocketlion;+1000 vendas;+5 disponíveis;30/11/2024 00:26:04
https://produto.mercadolivre.com.br/MLB-3841291097-placa-grafica-msi-gaming-rtx-3050-gaming-x-6g-6gb-gddr6-_JM#polycard_client=search-nordic&position=42&search_layout=grid&type=item&tracking_id=46642ada-04d7-4041-94c3-108f0afb1bcb;Placa Gráfica Msi Gaming Rtx 3050 Gaming X 6g 6gb Gddr6;R$1.670,76;R$1.386,73;Lnocnoc usa;+10mil vendas;+20 disponíveis;30/11/2024 00:26:05
https://produto.mercadolivre.com.br/MLB-2695499848-caixa-de-placa-de-video-galax-geforce-rtx3050-8gb-1-click-oc-_JM#polycard_client=search-nordic&position=43&search_layout=grid&type=item&tracking_id=46642ada-04d7-4041-94c3-108f0afb1bcb;Caixa De Placa De Vídeo Galax Geforce Rtx3050 8gb 1-click Oc (Usado);28;R$28,80;Etinf;+100 vendas;+5 disponíveis;30/11/2024 00:26:05
https://produto.mercadolivre.com.br/MLB-5191394234-rtx-2060-6gb-galax-ex-plus-white-edition-_JM#polycard_client=search-nordic&position=44&search_layout=grid&type=item&tracking_id=46642ada-04d7-4041-94c3-108f0afb1bcb;Rtx 2060 6gb Galax Ex Plus White Edition (Usado);1.379;R$1.379;Alefy_hardwares;Mercadolíder | +1000 vendas;Último disponível!;30/11/2024 00:26:06
https://produto.mercadolivre.com.br/MLB-4186034710-placa-video-galax-geforce-rtx-3050-1-click-oc-v2-8gb-128bit-_JM#polycard_client=search-nordic&position=45&search_layout=grid&type=item&tracking_id=46642ada-04d7-4041-94c3-108f0afb1bcb;Placa Vídeo Galax Geforce Rtx 3050 1-click Oc V2 8gb 128bit;2.371;R$2.371,83;Lolist;+100mil vendas;Último disponível!;30/11/2024 00:26:07
https://produto.mercadolivre.com.br/MLB-4282570524-placa-de-video-galax-nvidia-rtx-3050-8gb-gddr6-128bit-_JM#polycard_client=search-nordic&position=46&search_layout=grid&type=item&tracking_id=46642ada-04d7-4041-94c3-108f0afb1bcb;Placa De Vídeo Galax Nvidia Rtx 3050 8gb Gddr6 128bit;3.544;R$3.544,12;Lolist;+100mil vendas;Último disponível!;30/11/2024 00:26:07
https://produto.mercadolivre.com.br/MLB-3801515135-placa-de-video-zotac-nvidia-geforce-rtx-3050-6gb-gddr6-dlss-_JM#polycard_client=search-nordic&position=47&search_layout=grid&type=item&tracking_id=46642ada-04d7-4041-94c3-108f0afb1bcb;Placa De Vídeo Zotac Nvidia Geforce Rtx 3050 6gb Gddr6 Dlss;2.049;R$2.049,90;Lolist;+500mil vendas;Último disponível!;30/11/2024 00:26:08
https://produto.mercadolivre.com.br/MLB-3503751285-placa-video-galax-geforce-rtx-3050-1-click-oc-v2-8gb-128bit-_JM#polycard_client=search-nordic&position=48&search_layout=grid&type=item&tracking_id=46642ada-04d7-4041-94c3-108f0afb1bcb;Placa Vídeo Galax Geforce Rtx 3050 1-click Oc V2 8gb 128bit;2.364;R$2.364,89;Lolist;+100mil vendas;Último disponível!;30/11/2024 00:26:09
https://produto.mercadolivre.com.br/MLB-3537226477-placa-de-video-galax-nvidia-rtx-3050-8gb-gddr6-128bit-_JM#polycard_client=search-nordic&position=49&search_layout=grid&type=item&tracking_id=46642ada-04d7-4041-94c3-108f0afb1bcb;Placa De Vídeo Galax Nvidia Rtx 3050 8gb Gddr6 128bit;3.533;R$3.533,75;Lolist;+100mil vendas;Último disponível!;30/11/2024 00:26:10
https://produto.mercadolivre.com.br/MLB-4242959098-placa-de-video-galax-nvidia-rtx-3050-8gb-gddr6-128bit-_JM#polycard_client=search-nordic&position=50&search_layout=grid&type=item&tracking_id=46642ada-04d7-4041-94c3-108f0afb1bcb;Placa De Vídeo Galax Nvidia Rtx 3050 8gb Gddr6 128bit;3.544;R$3.544,12;Lolist;+100mil vendas;Último disponível!;30/11/2024 00:26:12
https://produto.mercadolivre.com.br/MLB-4966183900-placa-de-video-zotac-nvidia-geforce-rtx-3050-6gb-gddr6-dlss-_JM#polycard_client=search-nordic&position=3&search_layout=grid&type=item&tracking_id=be5f1add-6604-4fbc-8f35-a77784d21135;Placa De Vídeo Zotac Nvidia Geforce Rtx 3050 6gb Gddr6 Dlss;2.043;R$2.043,90;Lolist;+100mil vendas;Último disponível!;30/11/2024 00:26:12
https://produto.mercadolivre.com.br/MLB-4966157374-placa-de-video-zotac-nvidia-geforce-rtx-3050-6gb-gddr6-dlss-_JM#polycard_client=search-nordic&position=4&search_layout=grid&type=item&tracking_id=be5f1add-6604-4fbc-8f35-a77784d21135;Placa De Vídeo Zotac Nvidia Geforce Rtx 3050 6gb Gddr6 Dlss;2.027;R$2.027,91;Lolist;+100mil vendas;Último disponível!;30/11/2024 00:26:13
https://produto.mercadolivre.com.br/MLB-4966218738-placa-de-video-zotac-nvidia-geforce-rtx-3050-6gb-gddr6-dlss-_JM#polycard_client=search-nordic&position=5&search_layout=grid&type=item&tracking_id=be5f1add-6604-4fbc-8f35-a77784d21135;Placa De Vídeo Zotac Nvidia Geforce Rtx 3050 6gb Gddr6 Dlss;2.043;R$2.043,90;Lolist;+100mil vendas;Último disponível!;30/11/2024 00:26:13
https://produto.mercadolivre.com.br/MLB-4943502258-placa-de-video-galax-nvidia-geforce-rtx-3050-ex-6gb-gddr6-_JM#polycard_client=search-nordic&position=6&search_layout=grid&type=item&tracking_id=be5f1add-6604-4fbc-8f35-a77784d21135;Placa De Vídeo Galax Nvidia Geforce Rtx 3050 Ex 6gb Gddr6;1.668;R$1.668,71;Gigantec.com.br;Mercadolíder | +10mil vendas;+20 disponíveis;30/11/2024 00:26:14
https://produto.mercadolivre.com.br/MLB-4943578344-placa-de-video-galax-nvidia-geforce-rtx-3050-ex-6gb-gddr6-_JM#polycard_client=search-nordic&position=7&search_layout=grid&type=item&tracking_id=be5f1add-6604-4fbc-8f35-a77784d21135;Placa De Vídeo Galax Nvidia Geforce Rtx 3050 Ex 6gb Gddr6;1.565;R$1.565,71;Gigantec.com.br;Mercadolíder | +10mil vendas;+20 disponíveis;30/11/2024 00:26:15
