mlb;title;seller;ad_type;price_previous;price_current;discount;installments;date;post link;image link
MLB-4888286052;Placa de vídeo gtx1650 4gb gddr6 amp zotac - t16520j-10l;N/A;Premium;R$ 1.200,00;R$ 1.200,00;0%;em 10x R$120,04 sem juros;29/11/2024 16:14:39;https://produto.mercadolivre.com.br/MLB-4888286052-placa-de-video-gtx1650-4gb-gddr6-amp-zotac-t16520j-10l-_JM#polycard_client=search-nordic&position=19&search_layout=grid&type=item&tracking_id=99d6318a-80ad-406e-9144-6ac3d689202b;https://http2.mlstatic.com/D_Q_NP_2X_726820-MLB77439269814_072024-E.webp
MLB-3884563971;Placa de vídeo gtx1650 4gb gddr6 amp zotac - t16520j-10l;N/A;Classic;R$ 999,00;R$ 999,00;0%;em 12x R$96,64;29/11/2024 16:14:39;https://produto.mercadolivre.com.br/MLB-3884563971-placa-de-video-gtx1650-4gb-gddr6-amp-zotac-t16520j-10l-_JM#polycard_client=search-nordic&position=20&search_layout=grid&type=item&tracking_id=99d6318a-80ad-406e-9144-6ac3d689202b;https://http2.mlstatic.com/D_Q_NP_2X_629221-MLA48655228895_122021-E.webp
MLB-3695206229;Placa de vídeo gtx1650 4gb gddr6 amp zotac - t16520j-10l;N/A;Classic;R$ 1.127,00;R$ 1.127,00;0%;em 12x R$109,12;29/11/2024 16:14:39;https://produto.mercadolivre.com.br/MLB-3695206229-placa-de-video-gtx1650-4gb-gddr6-amp-zotac-t16520j-10l-_JM#polycard_client=search-nordic&position=21&search_layout=grid&type=item&tracking_id=99d6318a-80ad-406e-9144-6ac3d689202b;https://http2.mlstatic.com/D_Q_NP_2X_760928-MLB76438890021_052024-E.webp
MLB-4688649602;Placa de vídeo gtx1650 4gb gddr6 amp zotac - t16520j-10l;N/A;Classic;R$ 1.123,00;R$ 1.123,00;0%;em 12x R$108,67;29/11/2024 16:14:39;https://produto.mercadolivre.com.br/MLB-4688649602-placa-de-video-gtx1650-4gb-gddr6-amp-zotac-t16520j-10l-_JM#polycard_client=search-nordic&position=22&search_layout=grid&type=item&tracking_id=99d6318a-80ad-406e-9144-6ac3d689202b;https://http2.mlstatic.com/D_Q_NP_2X_726820-MLB77439269814_072024-E.webp
MLB-3911862705;Placa de vídeo zotac gaming geforce gtx 1650 amp core 4gb;N/A;Classic;R$ 1.185,00;R$ 1.185,00;0%;em 12x R$114,70;29/11/2024 16:14:39;https://produto.mercadolivre.com.br/MLB-3911862705-placa-de-video-zotac-gaming-geforce-gtx-1650-amp-core-4gb-_JM#polycard_client=search-nordic&position=23&search_layout=grid&type=item&tracking_id=99d6318a-80ad-406e-9144-6ac3d689202b;https://http2.mlstatic.com/D_Q_NP_2X_977390-MLB80802770099_112024-E.webp
MLB-3911849903;Placa de vídeo zotac gaming geforce gtx 1650 amp core 4gb;N/A;Premium;R$ 1.280,00;R$ 1.280,00;0%;em 10x R$128,05 sem juros;29/11/2024 16:14:39;https://produto.mercadolivre.com.br/MLB-3911849903-placa-de-video-zotac-gaming-geforce-gtx-1650-amp-core-4gb-_JM#polycard_client=search-nordic&position=24&search_layout=grid&type=item&tracking_id=99d6318a-80ad-406e-9144-6ac3d689202b;https://http2.mlstatic.com/D_Q_NP_2X_919707-MLB80802771545_112024-E.webp
MLB16077122;Placa de vídeo nvidia galax  ex plus geforce gtx 16 series gtx 1650 65sql8ds93e1 4gb;N/A;Premium;R$ 1.215,00;R$ 840,00;30% OFF;em 10x R$87,80 sem juros;29/11/2024 16:14:39;https://www.mercadolivre.com.br/placa-de-video-nvidia-galax-ex-plus-geforce-gtx-16-series-gtx-1650-65sql8ds93e1-4gb/p/MLB16077122#polycard_client=search-nordic&wid=MLB5155454764&sid=search&searchVariation=MLB16077122&position=4&search_layout=grid&type=product&tracking_id=99d6318a-80ad-406e-9144-6ac3d689202b;https://http2.mlstatic.com/D_Q_NP_2X_880970-MLU78687019227_082024-E.webp
MLB15995697;Placa de vídeo nvidia msi  ventus xs geforce gtx 16 series gtx 1650 geforce gtx 1650 d6 ventus xs oc oc edition 4gb;Eshop;Premium;R$ 1.148,00;R$ 929,88;19% OFF;em 10x R$92,99 sem juros;29/11/2024 16:14:39;https://www.mercadolivre.com.br/placa-de-video-nvidia-msi-ventus-xs-geforce-gtx-16-series-gtx-1650-geforce-gtx-1650-d6-ventus-xs-oc-oc-edition-4gb/p/MLB15995697#polycard_client=search-nordic&wid=MLB4582352944&sid=search&searchVariation=MLB15995697&position=5&search_layout=grid&type=product&tracking_id=99d6318a-80ad-406e-9144-6ac3d689202b;https://http2.mlstatic.com/D_Q_NP_2X_773016-MLA52678887951_122022-E.webp
MLB30132464;Placa de vídeo msi geforce gtx 1650 ventus xs ocv3 4gb d6;Nvidia;Premium;R$ 1.247,00;R$ 922,00;26% OFF;em 10x R$92,20 sem juros;29/11/2024 16:14:39;https://www.mercadolivre.com.br/placa-de-video-msi-geforce-gtx-1650-ventus-xs-ocv3-4gb-d6/p/MLB30132464#polycard_client=search-nordic&wid=MLB3663920185&sid=search&searchVariation=MLB30132464&position=6&search_layout=grid&type=product&tracking_id=99d6318a-80ad-406e-9144-6ac3d689202b;https://http2.mlstatic.com/D_Q_NP_2X_929044-MLU74217636883_012024-E.webp
MLB-5003350928;Placa de vídeo nvidia geforce gtx 1650 ex plus oc 4gb gddr6;N/A;Classic;R$ 1.025,00;R$ 830,99;18% OFF;em 12x R$80,56;29/11/2024 16:14:39;https://produto.mercadolivre.com.br/MLB-5003350928-placa-de-video-nvidia-geforce-gtx-1650-ex-plus-oc-4gb-gddr6-_JM#polycard_client=search-nordic&position=25&search_layout=grid&type=item&tracking_id=99d6318a-80ad-406e-9144-6ac3d689202b;https://http2.mlstatic.com/D_Q_NP_2X_719727-MLU72573233972_112023-E.webp
MLB-3646574855;Placa de vídeo msi geforce gtx 1650 ventus xs ocv3 4gb gddr6;Eshop;Classic;R$ 1.190,00;R$ 912,42;23% OFF;em 12x R$88,27;29/11/2024 16:14:39;https://produto.mercadolivre.com.br/MLB-3646574855-placa-de-video-msi-geforce-gtx-1650-ventus-xs-ocv3-4gb-gddr6-_JM#polycard_client=search-nordic&position=26&search_layout=grid&type=item&tracking_id=99d6318a-80ad-406e-9144-6ac3d689202b;https://http2.mlstatic.com/D_Q_NP_2X_745053-MLB75428512962_042024-E.webp
MLB-4682065090;Placa fonte para tv sony kdl-46hx825 1-884-406-11;N/A;Classic;R$ 149,00;R$ 149,00;0%;em 12x R$14,48;29/11/2024 16:14:39;https://produto.mercadolivre.com.br/MLB-4682065090-placa-fonte-para-tv-sony-kdl-46hx825-1-884-406-11-_JM#polycard_client=search-nordic&position=27&search_layout=grid&type=item&tracking_id=99d6318a-80ad-406e-9144-6ac3d689202b;https://http2.mlstatic.com/D_Q_NP_2X_994502-MLB76368739467_052024-E.webp
MLB-3588267163;Edição video i7 860 16gb ssd 480gb gtx 1650 4gb gddr6 + wifi;N/A;Premium;R$ 2.999,00;R$ 2.999,00;0%;em 10x R$300 sem juros;29/11/2024 16:14:39;https://produto.mercadolivre.com.br/MLB-3588267163-edico-video-i7-860-16gb-ssd-480gb-gtx-1650-4gb-gddr6-wifi-_JM#polycard_client=search-nordic&position=28&search_layout=grid&type=item&tracking_id=99d6318a-80ad-406e-9144-6ac3d689202b;https://http2.mlstatic.com/D_Q_NP_2X_893130-MLB74392538993_022024-E.webp
MLB-4343851726;Placa de vídeo galax nvidia geforce gtx 1650 vram 4gb gddr6;N/A;Classic;R$ 1.041,00;R$ 843,94;18% OFF;em 12x R$81,82;29/11/2024 16:14:39;https://produto.mercadolivre.com.br/MLB-4343851726-placa-de-video-galax-nvidia-geforce-gtx-1650-vram-4gb-gddr6-_JM#polycard_client=search-nordic&position=29&search_layout=grid&type=item&tracking_id=99d6318a-80ad-406e-9144-6ac3d689202b;https://http2.mlstatic.com/D_Q_NP_2X_842842-MLB73731487806_012024-E.webp
MLB37995357;Placa de vídeo inno3d nvidia geforce gtx 1650 twin x2 oc v3;N/A;Classic;R$ 1.067,00;R$ 865,00;18% OFF;em 12x R$83,86;29/11/2024 16:14:39;https://www.mercadolivre.com.br/placa-de-video-inno3d-nvidia-geforce-gtx-1650-twin-x2-oc-v3/p/MLB37995357#polycard_client=search-nordic&wid=MLB4857853634&sid=search&searchVariation=MLB37995357&position=7&search_layout=grid&type=product&tracking_id=99d6318a-80ad-406e-9144-6ac3d689202b;https://http2.mlstatic.com/D_Q_NP_2X_616351-MLU77441730905_072024-E.webp
MLB-3753020771;Placa gráfica msi gaming geforce gtx 1650 d6 ventus xs oc 4g;N/A;Premium;R$ 1.805,00;R$ 1.498,00;17% OFF;em 10x R$149,85 sem juros;29/11/2024 16:14:39;https://produto.mercadolivre.com.br/MLB-3753020771-placa-grafica-msi-gaming-geforce-gtx-1650-d6-ventus-xs-oc-4g-_JM#polycard_client=search-nordic&position=30&search_layout=grid&type=item&tracking_id=99d6318a-80ad-406e-9144-6ac3d689202b;https://http2.mlstatic.com/D_Q_NP_2X_678344-CBT76978830574_062024-E.webp
MLB-5094839928;Placa de video colorful geforce gtx 1650 4gb gddr6 v3-v;N/A;Classic;R$ 1.175,00;R$ 951,75;19% OFF;em 12x R$92,07;29/11/2024 16:14:39;https://produto.mercadolivre.com.br/MLB-5094839928-placa-de-video-colorful-geforce-gtx-1650-4gb-gddr6-v3-v-_JM#polycard_client=search-nordic&position=31&search_layout=grid&type=item&tracking_id=99d6318a-80ad-406e-9144-6ac3d689202b;https://http2.mlstatic.com/D_Q_NP_2X_805970-MLU75690984656_042024-E.webp
MLB-3663825599;Placa de vídeo gtx 1650 d6 ventus xs ocv3 msi nvidia geforce;Nvidia;Classic;R$ 1.122,00;R$ 885,90;21% OFF;em 12x R$85,89;29/11/2024 16:14:39;https://produto.mercadolivre.com.br/MLB-3663825599-placa-de-video-gtx-1650-d6-ventus-xs-ocv3-msi-nvidia-geforce-_JM#polycard_client=search-nordic&position=32&search_layout=grid&type=item&tracking_id=99d6318a-80ad-406e-9144-6ac3d689202b;https://http2.mlstatic.com/D_Q_NP_2X_994974-MLB79942862594_102024-E.webp
MLB-4343787496;Placa de vídeo galax nvidia geforce gtx 1650 vram 4gb gddr6;N/A;Premium;R$ 1.099,00;R$ 890,92;18% OFF;em 10x R$89,09 sem juros;29/11/2024 16:14:39;https://produto.mercadolivre.com.br/MLB-4343787496-placa-de-video-galax-nvidia-geforce-gtx-1650-vram-4gb-gddr6-_JM#polycard_client=search-nordic&position=33&search_layout=grid&type=item&tracking_id=99d6318a-80ad-406e-9144-6ac3d689202b;https://http2.mlstatic.com/D_Q_NP_2X_624413-MLB73829002443_012024-E.webp
MLB18600968;Placa de vídeo pcyes geforce gtx 1650 gddr6 4gb;N/A;Premium;R$ 1.020,00;R$ 969,00;5% OFF;em 10x R$96,90 sem juros;29/11/2024 16:14:39;https://www.mercadolivre.com.br/placa-de-video-pcyes-geforce-gtx-1650-gddr6-4gb/p/MLB18600968#polycard_client=search-nordic&wid=MLB3802356129&sid=search&searchVariation=MLB18600968&position=8&search_layout=grid&type=product&tracking_id=99d6318a-80ad-406e-9144-6ac3d689202b;https://http2.mlstatic.com/D_Q_NP_2X_862883-MLU72761476362_112023-E.webp
MLB34721401;Placa de vídeo inno3d geforce gtx1650 twin ocx2 4gb 128-bit;N/A;Premium;R$ 1.127,00;R$ 913,60;18% OFF;em 10x R$91,36 sem juros;29/11/2024 16:14:39;https://www.mercadolivre.com.br/placa-de-video-inno3d-geforce-gtx1650-twin-ocx2-4gb-128-bit/p/MLB34721401#polycard_client=search-nordic&wid=MLB3689493887&sid=search&searchVariation=MLB34721401&position=9&search_layout=grid&type=product&tracking_id=99d6318a-80ad-406e-9144-6ac3d689202b;https://http2.mlstatic.com/D_Q_NP_2X_689733-MLU75140120752_032024-E.webp
MLB-3304910163;Placa de vídeo gtx 1650 pny nvidia geforce 4gb gddr6;N/A;Classic;R$ 1.590,00;R$ 1.590,00;0%;em 12x R$152,89;29/11/2024 16:14:39;https://produto.mercadolivre.com.br/MLB-3304910163-placa-de-video-gtx-1650-pny-nvidia-geforce-4gb-gddr6-_JM#polycard_client=search-nordic&position=34&search_layout=grid&type=item&tracking_id=99d6318a-80ad-406e-9144-6ac3d689202b;https://http2.mlstatic.com/D_Q_NP_2X_882416-MLB71331992946_082023-E.webp
MLB18438239;Placa de vídeo nvidia asus  phoenix geforce gtx 16 series gtx 1650 ph-gtx1650-o4gd6-p oc edition 4gb;N/A;Premium;R$ 993,00;R$ 993,00;0%;em 10x R$99,30 sem juros;29/11/2024 16:14:39;https://www.mercadolivre.com.br/placa-de-video-nvidia-asus-phoenix-geforce-gtx-16-series-gtx-1650-ph-gtx1650-o4gd6-p-oc-edition-4gb/p/MLB18438239#polycard_client=search-nordic&wid=MLB3850626441&sid=search&searchVariation=MLB18438239&position=10&search_layout=grid&type=product&tracking_id=99d6318a-80ad-406e-9144-6ac3d689202b;https://http2.mlstatic.com/D_Q_NP_2X_995935-MLA48159038072_112021-E.webp
MLB15574197;Placa de vídeo nvidia asus  tuf gaming geforce gtx 16 series gtx 1650 super tuf-gtx1650s-o4g-gaming oc edition 4gb;N/A;Classic;R$ 1.723,00;R$ 1.723,00;0%;em 12x R$165,69;29/11/2024 16:14:39;https://www.mercadolivre.com.br/placa-de-video-nvidia-asus-tuf-gaming-geforce-gtx-16-series-gtx-1650-super-tuf-gtx1650s-o4g-gaming-oc-edition-4gb/p/MLB15574197#polycard_client=search-nordic&wid=MLB3738822715&sid=search&searchVariation=MLB15574197&position=11&search_layout=grid&type=product&tracking_id=99d6318a-80ad-406e-9144-6ac3d689202b;https://http2.mlstatic.com/D_Q_NP_2X_877610-MLU72757255172_112023-E.webp
MLB21591366;Placa de vídeo msi nvd geforce ventusxs v1 gtx1650 4gb gddr6;Infoturbo;Classic;R$ 1.387,00;R$ 984,99;29% OFF;em 12x R$95,29;29/11/2024 16:14:39;https://www.mercadolivre.com.br/placa-de-video-msi-nvd-geforce-ventusxs-v1-gtx1650-4gb-gddr6/p/MLB21591366#polycard_client=search-nordic&wid=MLB3741166014&sid=search&searchVariation=MLB21591366&position=12&search_layout=grid&type=product&tracking_id=99d6318a-80ad-406e-9144-6ac3d689202b;https://http2.mlstatic.com/D_Q_NP_2X_790990-MLA79694139181_102024-E.webp
MLB29659489;Placa de vídeo msi gtx 1650 d6 ventus xs 4gb ocv3;N/A;Classic;R$ 1.387,00;R$ 1.387,00;0%;em 12x R$134,21;29/11/2024 16:14:39;https://www.mercadolivre.com.br/placa-de-video-msi-gtx-1650-d6-ventus-xs-4gb-ocv3/p/MLB29659489#polycard_client=search-nordic&wid=MLB5159504520&sid=search&searchVariation=MLB29659489&position=13&search_layout=grid&type=product&tracking_id=99d6318a-80ad-406e-9144-6ac3d689202b;https://http2.mlstatic.com/D_Q_NP_2X_822053-MLU73855745276_012024-E.webp
MLB-5003440294;Placa de vídeo nvidia geforce gtx 1650 ex plus oc 4gb gddr6;N/A;Premium;R$ 1.119,00;R$ 906,99;18% OFF;em 10x R$90,70 sem juros;29/11/2024 16:14:39;https://produto.mercadolivre.com.br/MLB-5003440294-placa-de-video-nvidia-geforce-gtx-1650-ex-plus-oc-4gb-gddr6-_JM#polycard_client=search-nordic&position=35&search_layout=grid&type=item&tracking_id=99d6318a-80ad-406e-9144-6ac3d689202b;https://http2.mlstatic.com/D_Q_NP_2X_719727-MLU72573233972_112023-E.webp
MLB-3600880867;Placa de video inno3d gtx 1650 twin oc x2 4gb gddr6 128bit;Pichau;Classic;R$ 1.532,00;R$ 1.284,00;16% OFF;em 12x R$124,31;29/11/2024 16:14:39;https://produto.mercadolivre.com.br/MLB-3600880867-placa-de-video-inno3d-gtx-1650-twin-oc-x2-4gb-gddr6-128bit-_JM#polycard_client=search-nordic&position=36&search_layout=grid&type=item&tracking_id=99d6318a-80ad-406e-9144-6ac3d689202b;https://http2.mlstatic.com/D_Q_NP_2X_776561-MLB74606644445_022024-E.webp
MLB-5162210164;Placa de vídeo gtx 4gb ddr6 nvidia galax geforce 16 series;N/A;Classic;R$ 1.040,00;R$ 842,40;19% OFF;em 12x R$81,67;29/11/2024 16:14:39;https://produto.mercadolivre.com.br/MLB-5162210164-placa-de-video-gtx-4gb-ddr6-nvidia-galax-geforce-16-series-_JM#polycard_client=search-nordic&position=37&search_layout=grid&type=item&tracking_id=99d6318a-80ad-406e-9144-6ac3d689202b;https://http2.mlstatic.com/D_Q_NP_2X_880970-MLU78687019227_082024-E.webp
MLB17719661;Placa de vídeo nvidia gainward  ghost geforce gtx 16 series gtx 1650 ne6165001bg1-1175d 4gb;N/A;Classic;R$ 1.099,00;R$ 890,19;19% OFF;em 12x R$86,30;29/11/2024 16:14:39;https://www.mercadolivre.com.br/placa-de-video-nvidia-gainward-ghost-geforce-gtx-16-series-gtx-1650-ne6165001bg1-1175d-4gb/p/MLB17719661#polycard_client=search-nordic&wid=MLB2005027810&sid=search&searchVariation=MLB17719661&position=14&search_layout=grid&type=product&tracking_id=99d6318a-80ad-406e-9144-6ac3d689202b;https://http2.mlstatic.com/D_Q_NP_2X_788610-MLA45920740463_052021-E.webp
MLB-3635411227;Placa de vídeo nvidia galax geforce 4gb gtx 1650 1-click oc;N/A;Classic;R$ 1.300,00;R$ 949,00;27% OFF;em 12x R$91,81;29/11/2024 16:14:39;https://produto.mercadolivre.com.br/MLB-3635411227-placa-de-video-nvidia-galax-geforce-4gb-gtx-1650-1-click-oc-_JM#polycard_client=search-nordic&position=38&search_layout=grid&type=item&tracking_id=99d6318a-80ad-406e-9144-6ac3d689202b;https://http2.mlstatic.com/D_Q_NP_2X_956698-MLB75327026373_032024-E.webp
MLB-3599205673;Placa de vídeo nvidia msi ventus xs geforce gtx 1650 4gb n/f;N/A;Premium;R$ 1.135,00;R$ 1.135,00;0%;em 10x R$113,53 sem juros;29/11/2024 16:14:39;https://produto.mercadolivre.com.br/MLB-3599205673-placa-de-video-nvidia-msi-ventus-xs-geforce-gtx-1650-4gb-nf-_JM#polycard_client=search-nordic&position=39&search_layout=grid&type=item&tracking_id=99d6318a-80ad-406e-9144-6ac3d689202b;https://http2.mlstatic.com/D_Q_NP_2X_757218-MLB74568978067_022024-E.webp
MLB-4909684614;Placa de vídeo msi d6 ventusxs ocv3 gtx1650 nvidia gforc 4gb;N/A;Premium;R$ 1.189,00;R$ 1.189,00;0%;em 10x R$119 sem juros;29/11/2024 16:14:39;https://produto.mercadolivre.com.br/MLB-4909684614-placa-de-video-msi-d6-ventusxs-ocv3-gtx1650-nvidia-gforc-4gb-_JM#polycard_client=search-nordic&position=40&search_layout=grid&type=item&tracking_id=99d6318a-80ad-406e-9144-6ac3d689202b;https://http2.mlstatic.com/D_Q_NP_2X_602201-MLB77551202714_072024-E.webp
MLB18607762;Placa de vídeo nvidia asus  tuf gaming geforce gtx 16 series gtx 1650 tuf-gtx1650-4gd6-p-gaming 4gb;N/A;Classic;R$ 1.436,00;R$ 1.436,00;0%;em 12x R$138,95;29/11/2024 16:14:39;https://www.mercadolivre.com.br/placa-de-video-nvidia-asus-tuf-gaming-geforce-gtx-16-series-gtx-1650-tuf-gtx1650-4gd6-p-gaming-4gb/p/MLB18607762#polycard_client=search-nordic&wid=MLB3738795955&sid=search&searchVariation=MLB18607762&position=15&search_layout=grid&type=product&tracking_id=99d6318a-80ad-406e-9144-6ac3d689202b;https://http2.mlstatic.com/D_Q_NP_2X_617843-MLA48790478080_012022-E.webp
MLB38690421;Placa de video mancer geforce gtx 1650, 4gb, gddr6, 128bit;Mancer;Premium;R$ 2.465,00;R$ 1.448,00;41% OFF;em 10x R$144,82 sem juros;29/11/2024 16:14:39;https://www.mercadolivre.com.br/placa-de-video-mancer-geforce-gtx-1650-4gb-gddr6-128bit/p/MLB38690421#polycard_client=search-nordic&wid=MLB4979105336&sid=search&searchVariation=MLB38690421&position=16&search_layout=grid&type=product&tracking_id=99d6318a-80ad-406e-9144-6ac3d689202b;https://http2.mlstatic.com/D_Q_NP_2X_780512-MLU79179103463_092024-E.webp
MLB15010142;Placa de vídeo nvidia msi  ventus xs geforce gtx 16 series gtx 1650 geforce gtx 1650 ventus xs 4g oc oc edition 4gb;N/A;Classic;R$ 1.094,00;R$ 1.094,00;0%;em 12x R$105,84;29/11/2024 16:14:39;https://www.mercadolivre.com.br/placa-de-video-nvidia-msi-ventus-xs-geforce-gtx-16-series-gtx-1650-geforce-gtx-1650-ventus-xs-4g-oc-oc-edition-4gb/p/MLB15010142#polycard_client=search-nordic&wid=MLB3801888211&sid=search&searchVariation=MLB15010142&position=17&search_layout=grid&type=product&tracking_id=99d6318a-80ad-406e-9144-6ac3d689202b;https://http2.mlstatic.com/D_Q_NP_2X_971277-MLA54418630988_032023-E.webp
MLB-3830602993;Placa de vídeo inno3d nvidia geforce gtx1650 tx2 oc v3 4g;Tnt info;Classic;R$ 979,00;R$ 979,00;0%;em 12x R$94,71;29/11/2024 16:14:39;https://produto.mercadolivre.com.br/MLB-3830602993-placa-de-video-inno3d-nvidia-geforce-gtx1650-tx2-oc-v3-4g-_JM#polycard_client=search-nordic&position=41&search_layout=grid&type=item&tracking_id=99d6318a-80ad-406e-9144-6ac3d689202b;https://http2.mlstatic.com/D_Q_NP_2X_616351-MLU77441730905_072024-E.webp
MLB29350183;Placa de vídeo gigabyte nvidia geforce gtx 1650 d6 oc 4g ddr6;N/A;Premium;R$ 1.499,00;R$ 1.499,00;0%;em 10x R$149,90 sem juros;29/11/2024 16:14:39;https://www.mercadolivre.com.br/placa-de-video-gigabyte-nvidia-geforce-gtx-1650-d6-oc-4g-ddr6/p/MLB29350183#polycard_client=search-nordic&wid=MLB3871469633&sid=search&searchVariation=MLB29350183&position=18&search_layout=grid&type=product&tracking_id=99d6318a-80ad-406e-9144-6ac3d689202b;https://http2.mlstatic.com/D_Q_NP_2X_653503-MLA79761106931_102024-E.webp
MLB18287137;Placa de vídeo nvidia asus  tuf gaming geforce gtx 16 series gtx 1650 tuf-gtx1650-4gd6-gaming 4gb;N/A;Classic;R$ 1.436,00;R$ 1.163,00;19% OFF;em 12x R$112,58;29/11/2024 16:14:39;https://www.mercadolivre.com.br/placa-de-video-nvidia-asus-tuf-gaming-geforce-gtx-16-series-gtx-1650-tuf-gtx1650-4gd6-gaming-4gb/p/MLB18287137#polycard_client=search-nordic&wid=MLB2159605731&sid=search&searchVariation=MLB18287137&position=3&search_layout=grid&type=product&tracking_id=99d6318a-80ad-406e-9144-6ac3d689202b;https://http2.mlstatic.com/D_Q_NP_2X_806370-MLA48869909926_012022-E.webp
MLB-3949375054;Placa vídeo msi nvidia geforce gtx 1650 gddr6 ventus xs 4gb;N/A;Premium;R$ 1.139,00;R$ 1.139,00;0%;em 10x R$113,90 sem juros;29/11/2024 16:14:39;https://produto.mercadolivre.com.br/MLB-3949375054-placa-video-msi-nvidia-geforce-gtx-1650-gddr6-ventus-xs-4gb-_JM#polycard_client=search-nordic&position=42&search_layout=grid&type=item&tracking_id=99d6318a-80ad-406e-9144-6ac3d689202b;https://http2.mlstatic.com/D_Q_NP_2X_677137-MLB79507033461_092024-E.webp
MLB-3666139585;Placa de vídeo galax nvidia geforce gtx1650 4gb gddr6 65sql8;Login;Premium;R$ 1.099,00;R$ 1.099,00;0%;em 10x R$109,90 sem juros;29/11/2024 16:14:39;https://produto.mercadolivre.com.br/MLB-3666139585-placa-de-video-galax-nvidia-geforce-gtx1650-4gb-gddr6-65sql8-_JM#polycard_client=search-nordic&position=43&search_layout=grid&type=item&tracking_id=99d6318a-80ad-406e-9144-6ac3d689202b;https://http2.mlstatic.com/D_Q_NP_2X_739227-MLB75933992637_042024-E.webp
MLB-4572310184;Placa de vídeo msi geforce gtx 1650 ventus xs ocv3 4gb d6;N/A;Premium;R$ 1.055,00;R$ 1.055,00;0%;em 10x R$105,50 sem juros;29/11/2024 16:14:39;https://produto.mercadolivre.com.br/MLB-4572310184-placa-de-video-msi-geforce-gtx-1650-ventus-xs-ocv3-4gb-d6-_JM#polycard_client=search-nordic&position=44&search_layout=grid&type=item&tracking_id=99d6318a-80ad-406e-9144-6ac3d689202b;https://http2.mlstatic.com/D_Q_NP_2X_929044-MLU74217636883_012024-E.webp
MLB-4411651024;Placa de vídeo nvidia galax geforce 4gb gtx 1650 1-click oc;N/A;Classic;R$ 1.190,00;R$ 963,90;19% OFF;em 12x R$93,25;29/11/2024 16:14:39;https://produto.mercadolivre.com.br/MLB-4411651024-placa-de-video-nvidia-galax-geforce-4gb-gtx-1650-1-click-oc-_JM#polycard_client=search-nordic&position=45&search_layout=grid&type=item&tracking_id=99d6318a-80ad-406e-9144-6ac3d689202b;https://http2.mlstatic.com/D_Q_NP_2X_956698-MLB75327026373_032024-E.webp
MLB-3814748297;Placa de vídeo msi nvidia geforce gtx1650 ventus xs ocv3 4gb;Login;Classic;R$ 999,00;R$ 999,00;0%;em 12x R$96,64;29/11/2024 16:14:39;https://produto.mercadolivre.com.br/MLB-3814748297-placa-de-video-msi-nvidia-geforce-gtx1650-ventus-xs-ocv3-4gb-_JM#polycard_client=search-nordic&position=46&search_layout=grid&type=item&tracking_id=99d6318a-80ad-406e-9144-6ac3d689202b;https://http2.mlstatic.com/D_Q_NP_2X_923657-MLB78387415165_082024-E.webp
MLB-3614343371;Placa de vídeo nvidia gtx 1650 d6 ventus xs ocv1 4gb gddr6;N/A;Premium;R$ 1.072,00;R$ 1.072,00;0%;em 10x R$107,20 sem juros;29/11/2024 16:14:39;https://produto.mercadolivre.com.br/MLB-3614343371-placa-de-video-nvidia-gtx-1650-d6-ventus-xs-ocv1-4gb-gddr6-_JM#polycard_client=search-nordic&position=47&search_layout=grid&type=item&tracking_id=99d6318a-80ad-406e-9144-6ac3d689202b;https://http2.mlstatic.com/D_Q_NP_2X_698616-MLA74651940370_022024-E.webp
MLB-3650998155;Placa de vídeo nvidia galax  gtx 16 ex plus geforce 1650 4gb;N/A;Classic;R$ 1.089,00;R$ 1.089,00;0%;em 12x R$105,35;29/11/2024 16:14:39;https://produto.mercadolivre.com.br/MLB-3650998155-placa-de-video-nvidia-galax-gtx-16-ex-plus-geforce-1650-4gb-_JM#polycard_client=search-nordic&position=48&search_layout=grid&type=item&tracking_id=99d6318a-80ad-406e-9144-6ac3d689202b;https://http2.mlstatic.com/D_Q_NP_2X_719727-MLU72573233972_112023-E.webp
MLB-3819840329;Placa de video msi geforce gtx 1650 4gb ventus xs ocv3;N/A;Classic;R$ 1.315,00;R$ 1.025,00;22% OFF;em 12x R$99,23;29/11/2024 16:14:39;https://produto.mercadolivre.com.br/MLB-3819840329-placa-de-video-msi-geforce-gtx-1650-4gb-ventus-xs-ocv3-_JM#polycard_client=search-nordic&position=49&search_layout=grid&type=item&tracking_id=99d6318a-80ad-406e-9144-6ac3d689202b;https://http2.mlstatic.com/D_Q_NP_2X_997520-MLB78259852296_082024-E.webp
MLB-3315509259;Placa de vídeo gtx 1650 d6 ventus xs 4g ocv1 msi gddr6;N/A;Classic;R$ 998,00;R$ 998,00;0%;em 12x R$96,55;29/11/2024 16:14:39;https://produto.mercadolivre.com.br/MLB-3315509259-placa-de-video-gtx-1650-d6-ventus-xs-4g-ocv1-msi-gddr6-_JM#polycard_client=search-nordic&position=50&search_layout=grid&type=item&tracking_id=99d6318a-80ad-406e-9144-6ac3d689202b;https://http2.mlstatic.com/D_Q_NP_2X_637970-MLB69382249774_052023-E.webp
MLB-4755621986;Placa de vídeo nvidia gtx 1650 4gb ex plus gddr6 galax;N/A;Classic;R$ 1.245,00;R$ 1.245,00;0%;N/A;29/11/2024 16:14:40;https://produto.mercadolivre.com.br/MLB-4755621986-placa-de-video-nvidia-gtx-1650-4gb-ex-plus-gddr6-galax-_JM#polycard_client=search-nordic&position=5&search_layout=grid&type=item&tracking_id=c3fefd62-0a3e-48b5-b94f-249867307896;https://http2.mlstatic.com/D_Q_NP_2X_668381-MLB76841692581_062024-E.webp
MLB-5004920944;Placa de video msi geforce gtx 1650 4gb ventus xs ocv3;N/A;Classic;R$ 1.390,00;R$ 1.056,00;24% OFF;N/A;29/11/2024 16:14:40;https://produto.mercadolivre.com.br/MLB-5004920944-placa-de-video-msi-geforce-gtx-1650-4gb-ventus-xs-ocv3-_JM#polycard_client=search-nordic&position=6&search_layout=grid&type=item&tracking_id=c3fefd62-0a3e-48b5-b94f-249867307896;https://http2.mlstatic.com/D_Q_NP_2X_997520-MLB78259852296_082024-E.webp
MLB-3343516047;Placa de vídeo galax gtx 1650 ex plus 4gb 1-click oc gddr6;Alligator shop;Classic;R$ 1.166,00;R$ 944,92;18% OFF;N/A;29/11/2024 16:14:40;https://produto.mercadolivre.com.br/MLB-3343516047-placa-de-video-galax-gtx-1650-ex-plus-4gb-1-click-oc-gddr6-_JM#polycard_client=search-nordic&position=7&search_layout=grid&type=item&tracking_id=c3fefd62-0a3e-48b5-b94f-249867307896;https://http2.mlstatic.com/D_Q_NP_2X_769042-MLB69874101128_062023-E.webp
MLB-3867944653;Placa de vídeo nvidia galax  ex plus geforce gtx 1650;N/A;Classic;R$ 989,00;R$ 989,00;0%;em 12x R$95,68;29/11/2024 16:14:40;https://produto.mercadolivre.com.br/MLB-3867944653-placa-de-video-nvidia-galax-ex-plus-geforce-gtx-1650-_JM#polycard_client=search-nordic&position=8&search_layout=grid&type=item&tracking_id=c3fefd62-0a3e-48b5-b94f-249867307896;https://http2.mlstatic.com/D_Q_NP_2X_880970-MLU78687019227_082024-E.webp
MLB-3917525523;Geforce gtx 1650 4gb gddr6 128bits - msi ventus d6 xs ocv3;Infoclub;Classic;R$ 1.323,00;R$ 1.323,00;0%;N/A;29/11/2024 16:14:40;https://produto.mercadolivre.com.br/MLB-3917525523-geforce-gtx-1650-4gb-gddr6-128bits-msi-ventus-d6-xs-ocv3-_JM#polycard_client=search-nordic&position=9&search_layout=grid&type=item&tracking_id=c3fefd62-0a3e-48b5-b94f-249867307896;https://http2.mlstatic.com/D_Q_NP_2X_978869-MLB77348009169_062024-E.webp
MLB-3635488111;Placa de vídeo nvidia galax 4gb gtx 1650 65sql8ds93e1;N/A;Classic;R$ 1.500,00;R$ 1.050,00;30% OFF;N/A;29/11/2024 16:14:40;https://produto.mercadolivre.com.br/MLB-3635488111-placa-de-video-nvidia-galax-4gb-gtx-1650-65sql8ds93e1-_JM#polycard_client=search-nordic&position=10&search_layout=grid&type=item&tracking_id=c3fefd62-0a3e-48b5-b94f-249867307896;https://http2.mlstatic.com/D_Q_NP_2X_956698-MLB75327026373_032024-E.webp
MLB-3819863743;Placa de video msi geforce gtx 1650 4gb ventus xs ocv3;N/A;Classic;R$ 1.320,00;R$ 990,00;25% OFF;N/A;29/11/2024 16:14:40;https://produto.mercadolivre.com.br/MLB-3819863743-placa-de-video-msi-geforce-gtx-1650-4gb-ventus-xs-ocv3-_JM#polycard_client=search-nordic&position=11&search_layout=grid&type=item&tracking_id=c3fefd62-0a3e-48b5-b94f-249867307896;https://http2.mlstatic.com/D_Q_NP_2X_997520-MLB78259852296_082024-E.webp
MLB-3725846335;Placa de vídeo nvidia gtx 1650 4gb ex plus gddr6 galax;N/A;Classic;R$ 1.250,00;R$ 1.250,00;0%;N/A;29/11/2024 16:14:40;https://produto.mercadolivre.com.br/MLB-3725846335-placa-de-video-nvidia-gtx-1650-4gb-ex-plus-gddr6-galax-_JM#polycard_client=search-nordic&position=12&search_layout=grid&type=item&tracking_id=c3fefd62-0a3e-48b5-b94f-249867307896;https://http2.mlstatic.com/D_Q_NP_2X_649821-MLB76640384716_062024-E.webp
MLB-4685470534;Placa de vídeo msi geforce gtx 1650 ventus xs ocv3 4gb d6;N/A;Classic;R$ 1.139,00;R$ 1.139,00;0%;N/A;29/11/2024 16:14:40;https://produto.mercadolivre.com.br/MLB-4685470534-placa-de-video-msi-geforce-gtx-1650-ventus-xs-ocv3-4gb-d6-_JM#polycard_client=search-nordic&position=13&search_layout=grid&type=item&tracking_id=c3fefd62-0a3e-48b5-b94f-249867307896;https://http2.mlstatic.com/D_Q_NP_2X_929044-MLU74217636883_012024-E.webp
MLB-3725798627;Placa de vídeo nvidia gtx 1650 4gb ex plus gddr6 galax;N/A;Classic;R$ 1.170,00;R$ 1.170,00;0%;em 12x R$113,20;29/11/2024 16:14:40;https://produto.mercadolivre.com.br/MLB-3725798627-placa-de-video-nvidia-gtx-1650-4gb-ex-plus-gddr6-galax-_JM#polycard_client=search-nordic&position=14&search_layout=grid&type=item&tracking_id=c3fefd62-0a3e-48b5-b94f-249867307896;https://http2.mlstatic.com/D_Q_NP_2X_649821-MLB76640384716_062024-E.webp
MLB-3744601703;Placa de vídeo msi gtx 1650 d6 ventus xs ocv3, 4gb, gddr6;N/A;Premium;R$ 1.524,00;R$ 1.524,00;0%;em 10x R$152,49 sem juros;29/11/2024 16:14:40;https://produto.mercadolivre.com.br/MLB-3744601703-placa-de-video-msi-gtx-1650-d6-ventus-xs-ocv3-4gb-gddr6-_JM#polycard_client=search-nordic&position=15&search_layout=grid&type=item&tracking_id=c3fefd62-0a3e-48b5-b94f-249867307896;https://http2.mlstatic.com/D_Q_NP_2X_880575-MLB77065576103_062024-E.webp
MLB-3725769713;Placa de vídeo nvidia gtx 1650 4gb ex plus gddr6 galax;N/A;Classic;R$ 1.165,00;R$ 1.165,00;0%;em 12x R$112,73;29/11/2024 16:14:40;https://produto.mercadolivre.com.br/MLB-3725769713-placa-de-video-nvidia-gtx-1650-4gb-ex-plus-gddr6-galax-_JM#polycard_client=search-nordic&position=16&search_layout=grid&type=item&tracking_id=c3fefd62-0a3e-48b5-b94f-249867307896;https://http2.mlstatic.com/D_Q_NP_2X_668381-MLB76841692581_062024-E.webp
MLB-3865118071;Placa de vídeo galax nvidia geforce gtx1650 4gb gddr6 65sql8;N/A;Classic;R$ 1.019,00;R$ 879,00;13% OFF;em 12x R$85,22;29/11/2024 16:14:40;https://produto.mercadolivre.com.br/MLB-3865118071-placa-de-video-galax-nvidia-geforce-gtx1650-4gb-gddr6-65sql8-_JM#polycard_client=search-nordic&position=17&search_layout=grid&type=item&tracking_id=c3fefd62-0a3e-48b5-b94f-249867307896;https://http2.mlstatic.com/D_Q_NP_2X_957847-MLB79674168659_092024-E.webp
MLB-3740832716;Vga galax gtx 1650 4gb ddr6 128bits pcie - 65sql8ds93e1;N/A;Classic;R$ 899,00;R$ 899,90;0%;N/A;29/11/2024 16:14:40;https://produto.mercadolivre.com.br/MLB-3740832716-vga-galax-gtx-1650-4gb-ddr6-128bits-pcie-65sql8ds93e1-_JM#polycard_client=search-nordic&position=18&search_layout=grid&type=item&tracking_id=c3fefd62-0a3e-48b5-b94f-249867307896;https://http2.mlstatic.com/D_Q_NP_2X_953476-MLB70106588553_062023-E.webp
MLB-4979825568;Placa de vídeo nvidia galax  ex plus geforce gtx 1650 4gb;N/A;Classic;R$ 1.149,00;R$ 1.149,00;0%;N/A;29/11/2024 16:14:40;https://produto.mercadolivre.com.br/MLB-4979825568-placa-de-video-nvidia-galax-ex-plus-geforce-gtx-1650-4gb-_JM#polycard_client=search-nordic&position=19&search_layout=grid&type=item&tracking_id=c3fefd62-0a3e-48b5-b94f-249867307896;https://http2.mlstatic.com/D_Q_NP_2X_719727-MLU72573233972_112023-E.webp
MLB-4979756508;Placa de vídeo nvidia galax  ex plus geforce gtx 1650 4gb;N/A;Classic;R$ 1.149,00;R$ 1.149,00;0%;N/A;29/11/2024 16:14:40;https://produto.mercadolivre.com.br/MLB-4979756508-placa-de-video-nvidia-galax-ex-plus-geforce-gtx-1650-4gb-_JM#polycard_client=search-nordic&position=20&search_layout=grid&type=item&tracking_id=c3fefd62-0a3e-48b5-b94f-249867307896;https://http2.mlstatic.com/D_Q_NP_2X_719727-MLU72573233972_112023-E.webp
MLB-4979824114;Placa de vídeo nvidia galax  ex plus geforce gtx 1650 4gb;N/A;Classic;R$ 1.149,00;R$ 1.149,00;0%;N/A;29/11/2024 16:14:40;https://produto.mercadolivre.com.br/MLB-4979824114-placa-de-video-nvidia-galax-ex-plus-geforce-gtx-1650-4gb-_JM#polycard_client=search-nordic&position=21&search_layout=grid&type=item&tracking_id=c3fefd62-0a3e-48b5-b94f-249867307896;https://http2.mlstatic.com/D_Q_NP_2X_719727-MLU72573233972_112023-E.webp
MLB-4979744638;Placa de vídeo nvidia galax  ex plus geforce gtx 1650 4gb;N/A;Classic;R$ 1.099,00;R$ 1.099,00;0%;N/A;29/11/2024 16:14:40;https://produto.mercadolivre.com.br/MLB-4979744638-placa-de-video-nvidia-galax-ex-plus-geforce-gtx-1650-4gb-_JM#polycard_client=search-nordic&position=22&search_layout=grid&type=item&tracking_id=c3fefd62-0a3e-48b5-b94f-249867307896;https://http2.mlstatic.com/D_Q_NP_2X_719727-MLU72573233972_112023-E.webp
MLB-2611946214;Caixa completa plc vídeo nvidia gainward  ghost gtx 1650 4gb;N/A;Classic;R$ 24,00;R$ 24,70;0%;N/A;29/11/2024 16:14:40;https://produto.mercadolivre.com.br/MLB-2611946214-caixa-completa-plc-video-nvidia-gainward-ghost-gtx-1650-4gb-_JM#polycard_client=search-nordic&position=23&search_layout=grid&type=item&tracking_id=c3fefd62-0a3e-48b5-b94f-249867307896;https://http2.mlstatic.com/D_Q_NP_2X_865331-MLB78596155409_082024-E.webp
MLB-4979836792;Placa de vídeo nvidia galax  ex plus geforce gtx 1650 4gb;N/A;Classic;R$ 1.099,00;R$ 1.099,00;0%;em 12x R$106,32;29/11/2024 16:14:40;https://produto.mercadolivre.com.br/MLB-4979836792-placa-de-video-nvidia-galax-ex-plus-geforce-gtx-1650-4gb-_JM#polycard_client=search-nordic&position=24&search_layout=grid&type=item&tracking_id=c3fefd62-0a3e-48b5-b94f-249867307896;https://http2.mlstatic.com/D_Q_NP_2X_719727-MLU72573233972_112023-E.webp
MLB-2657029763;Placa de vídeo nvidia msi gtx 1650 ventus xs 4gb ddr6 ocv1;N/A;Premium;R$ 1.230,00;R$ 1.230,00;0%;em 10x R$123 sem juros;29/11/2024 16:14:40;https://produto.mercadolivre.com.br/MLB-2657029763-placa-de-video-nvidia-msi-gtx-1650-ventus-xs-4gb-ddr6-ocv1-_JM#polycard_client=search-nordic&position=25&search_layout=grid&type=item&tracking_id=c3fefd62-0a3e-48b5-b94f-249867307896;https://http2.mlstatic.com/D_Q_NP_2X_718997-MLA45255463021_032021-E.webp
MLB-5094917462;Placa de video colorful geforce gtx 1650 4gb gddr6 v3-v;N/A;Classic;R$ 1.175,00;R$ 1.175,00;0%;em 12x R$113,67;29/11/2024 16:14:40;https://produto.mercadolivre.com.br/MLB-5094917462-placa-de-video-colorful-geforce-gtx-1650-4gb-gddr6-v3-v-_JM#polycard_client=search-nordic&position=26&search_layout=grid&type=item&tracking_id=c3fefd62-0a3e-48b5-b94f-249867307896;https://http2.mlstatic.com/D_Q_NP_2X_805970-MLU75690984656_042024-E.webp
MLB-3740800993;Placa de vídeo msi geforce gtx 1650 ventus xs ocv3 4gb d6;N/A;Classic;R$ 1.069,00;R$ 1.069,00;0%;N/A;29/11/2024 16:14:40;https://produto.mercadolivre.com.br/MLB-3740800993-placa-de-video-msi-geforce-gtx-1650-ventus-xs-ocv3-4gb-d6-_JM#polycard_client=search-nordic&position=27&search_layout=grid&type=item&tracking_id=c3fefd62-0a3e-48b5-b94f-249867307896;https://http2.mlstatic.com/D_Q_NP_2X_929044-MLU74217636883_012024-E.webp
MLB-3201712023;Placa de vídeo asus geforce 90yv0ez0-m0na00 tuf-gtx1650-4gd6;N/A;Classic;R$ 2.528,00;R$ 2.528,00;0%;N/A;29/11/2024 16:14:40;https://produto.mercadolivre.com.br/MLB-3201712023-placa-de-video-asus-geforce-90yv0ez0-m0na00-tuf-gtx1650-4gd6-_JM#polycard_client=search-nordic&position=28&search_layout=grid&type=item&tracking_id=c3fefd62-0a3e-48b5-b94f-249867307896;https://http2.mlstatic.com/D_Q_NP_2X_756050-MLB80617988279_112024-E.webp
MLB-3833684477;Placa vídeo asus phoenix gtx1650 ph-gtx1650-o4gd6-p oc 4gb;N/A;Classic;R$ 953,00;R$ 953,00;0%;em 12x R$92,19;29/11/2024 16:14:40;https://produto.mercadolivre.com.br/MLB-3833684477-placa-video-asus-phoenix-gtx1650-ph-gtx1650-o4gd6-p-oc-4gb-_JM#polycard_client=search-nordic&position=29&search_layout=grid&type=item&tracking_id=c3fefd62-0a3e-48b5-b94f-249867307896;https://http2.mlstatic.com/D_Q_NP_2X_995935-MLA48159038072_112021-E.webp
MLB-3837230651;Placa de vídeo inno3d nvidia geforce gtx 1650 twin x2 oc v3;N/A;Classic;R$ 945,00;R$ 945,00;0%;N/A;29/11/2024 16:14:40;https://produto.mercadolivre.com.br/MLB-3837230651-placa-de-video-inno3d-nvidia-geforce-gtx-1650-twin-x2-oc-v3-_JM#polycard_client=search-nordic&position=30&search_layout=grid&type=item&tracking_id=c3fefd62-0a3e-48b5-b94f-249867307896;https://http2.mlstatic.com/D_Q_NP_2X_616351-MLU77441730905_072024-E.webp
MLB20335374;Placa de vídeo gigabyte geforce gtx 1650 d6 oc, 4gb gddr6;N/A;Classic;R$ 1.899,00;R$ 1.899,00;0%;em 12x R$182,53;29/11/2024 16:14:40;https://www.mercadolivre.com.br/placa-de-video-gigabyte-geforce-gtx-1650-d6-oc-4gb-gddr6/p/MLB20335374#polycard_client=search-nordic&wid=MLB4133708732&sid=search&searchVariation=MLB20335374&position=4&search_layout=grid&type=product&tracking_id=c3fefd62-0a3e-48b5-b94f-249867307896;https://http2.mlstatic.com/D_Q_NP_2X_740050-MLU78664941293_082024-E.webp
MLB-4962316384;Placa de vídeo nvidia gainward ghost geforce gtx 1650 4gb;N/A;Classic;R$ 979,00;R$ 979,90;0%;N/A;29/11/2024 16:14:40;https://produto.mercadolivre.com.br/MLB-4962316384-placa-de-video-nvidia-gainward-ghost-geforce-gtx-1650-4gb-_JM#polycard_client=search-nordic&position=31&search_layout=grid&type=item&tracking_id=c3fefd62-0a3e-48b5-b94f-249867307896;https://http2.mlstatic.com/D_Q_NP_2X_775972-MLB77869133938_072024-E.webp
MLB-4979816364;Placa de vídeo nvidia galax  ex plus geforce gtx 1650 4gb;N/A;Premium;R$ 1.149,00;R$ 1.149,00;0%;em 10x R$114,90 sem juros;29/11/2024 16:14:40;https://produto.mercadolivre.com.br/MLB-4979816364-placa-de-video-nvidia-galax-ex-plus-geforce-gtx-1650-4gb-_JM#polycard_client=search-nordic&position=32&search_layout=grid&type=item&tracking_id=c3fefd62-0a3e-48b5-b94f-249867307896;https://http2.mlstatic.com/D_Q_NP_2X_719727-MLU72573233972_112023-E.webp
MLB-2663671711;Placa de vídeo nvidia msi ventus xs geforce gtx 1650 4gb n/f;N/A;Classic;R$ 1.234,00;R$ 1.234,00;0%;N/A;29/11/2024 16:14:40;https://produto.mercadolivre.com.br/MLB-2663671711-placa-de-video-nvidia-msi-ventus-xs-geforce-gtx-1650-4gb-nf-_JM#polycard_client=search-nordic&position=33&search_layout=grid&type=item&tracking_id=c3fefd62-0a3e-48b5-b94f-249867307896;https://http2.mlstatic.com/D_Q_NP_2X_718997-MLA45255463021_032021-E.webp
MLB-3865298833;Placa de video colorful geforce gtx 1650 4gb gddr6 v3-v;N/A;Classic;R$ 1.299,00;R$ 1.052,00;19% OFF;N/A;29/11/2024 16:14:40;https://produto.mercadolivre.com.br/MLB-3865298833-placa-de-video-colorful-geforce-gtx-1650-4gb-gddr6-v3-v-_JM#polycard_client=search-nordic&position=34&search_layout=grid&type=item&tracking_id=c3fefd62-0a3e-48b5-b94f-249867307896;https://http2.mlstatic.com/D_Q_NP_2X_925286-MLB79430392884_092024-E.webp
MLB-4998408590;Placa de video gtx 1650 ocv3 4gb gddr6 d6 ventus xs ocv msi;N/A;Premium;R$ 1.340,00;R$ 1.340,00;0%;em 10x R$134 sem juros;29/11/2024 16:14:40;https://produto.mercadolivre.com.br/MLB-4998408590-placa-de-video-gtx-1650-ocv3-4gb-gddr6-d6-ventus-xs-ocv-msi-_JM#polycard_client=search-nordic&position=35&search_layout=grid&type=item&tracking_id=c3fefd62-0a3e-48b5-b94f-249867307896;https://http2.mlstatic.com/D_Q_NP_2X_852565-MLB78187597840_082024-E.webp
MLB-3837217241;Placa de vídeo inno3d nvidia geforce gtx 1650;N/A;Premium;R$ 1.001,00;R$ 1.001,00;0%;em 10x R$100,10 sem juros;29/11/2024 16:14:40;https://produto.mercadolivre.com.br/MLB-3837217241-placa-de-video-inno3d-nvidia-geforce-gtx-1650-_JM#polycard_client=search-nordic&position=36&search_layout=grid&type=item&tracking_id=c3fefd62-0a3e-48b5-b94f-249867307896;https://http2.mlstatic.com/D_Q_NP_2X_616351-MLU77441730905_072024-E.webp
MLB-3666036915;Placa de vídeo galax nvidia geforce gtx1650 4gb gddr6 65sql8;Login;Classic;R$ 1.019,00;R$ 1.019,00;0%;em 12x R$98,58;29/11/2024 16:14:40;https://produto.mercadolivre.com.br/MLB-3666036915-placa-de-video-galax-nvidia-geforce-gtx1650-4gb-gddr6-65sql8-_JM#polycard_client=search-nordic&position=37&search_layout=grid&type=item&tracking_id=c3fefd62-0a3e-48b5-b94f-249867307896;https://http2.mlstatic.com/D_Q_NP_2X_618216-MLB75765127644_042024-E.webp
MLB-5094929950;Placa de video colorful geforce gtx 1650 4gb gddr6 v3-v;N/A;Premium;R$ 1.299,00;R$ 1.299,00;0%;em 10x R$129,90 sem juros;29/11/2024 16:14:40;https://produto.mercadolivre.com.br/MLB-5094929950-placa-de-video-colorful-geforce-gtx-1650-4gb-gddr6-v3-v-_JM#polycard_client=search-nordic&position=38&search_layout=grid&type=item&tracking_id=c3fefd62-0a3e-48b5-b94f-249867307896;https://http2.mlstatic.com/D_Q_NP_2X_925286-MLB79430392884_092024-E.webp
MLB-3088957897;Vga nvidia msi geforce gtx 1650 d6 ventus oc 4gb ddr5;N/A;Premium;R$ 1.046,00;R$ 1.046,00;0%;em 10x R$104,60 sem juros;29/11/2024 16:14:40;https://produto.mercadolivre.com.br/MLB-3088957897-vga-nvidia-msi-geforce-gtx-1650-d6-ventus-oc-4gb-ddr5-_JM#polycard_client=search-nordic&position=39&search_layout=grid&type=item&tracking_id=c3fefd62-0a3e-48b5-b94f-249867307896;https://http2.mlstatic.com/D_Q_NP_2X_620804-MLA53058586357_122022-E.webp
MLB-3814773213;Placa de vídeo msi nvidia geforce gtx1650 ventus xs ocv3 4gb;Login;Premium;R$ 1.099,00;R$ 1.099,00;0%;em 10x R$109,90 sem juros;29/11/2024 16:14:40;https://produto.mercadolivre.com.br/MLB-3814773213-placa-de-video-msi-nvidia-geforce-gtx1650-ventus-xs-ocv3-4gb-_JM#polycard_client=search-nordic&position=40&search_layout=grid&type=item&tracking_id=c3fefd62-0a3e-48b5-b94f-249867307896;https://http2.mlstatic.com/D_Q_NP_2X_667692-MLB78158970698_082024-E.webp
MLB-5093863612;Placa de vídeo inno3d nvidia geforce gtx 1650 twin x2 oc v3;N/A;Classic;R$ 880,00;R$ 880,00;0%;em 12x R$85,32;29/11/2024 16:14:40;https://produto.mercadolivre.com.br/MLB-5093863612-placa-de-video-inno3d-nvidia-geforce-gtx-1650-twin-x2-oc-v3-_JM#polycard_client=search-nordic&position=41&search_layout=grid&type=item&tracking_id=c3fefd62-0a3e-48b5-b94f-249867307896;https://http2.mlstatic.com/D_Q_NP_2X_616351-MLU77441730905_072024-E.webp
MLB-4979770560;Placa de vídeo nvidia galax  ex plus geforce gtx 1650 4gb;N/A;Premium;R$ 1.149,00;R$ 1.149,00;0%;em 10x R$114,90 sem juros;29/11/2024 16:14:40;https://produto.mercadolivre.com.br/MLB-4979770560-placa-de-video-nvidia-galax-ex-plus-geforce-gtx-1650-4gb-_JM#polycard_client=search-nordic&position=42&search_layout=grid&type=item&tracking_id=c3fefd62-0a3e-48b5-b94f-249867307896;https://http2.mlstatic.com/D_Q_NP_2X_719727-MLU72573233972_112023-E.webp
MLB-3914314133;Placa de vídeo nvidia msi  ventus xs geforce gtx 1650 4gb;N/A;Premium;R$ 1.099,00;R$ 1.099,00;0%;em 10x R$109,94 sem juros;29/11/2024 16:14:40;https://produto.mercadolivre.com.br/MLB-3914314133-placa-de-video-nvidia-msi-ventus-xs-geforce-gtx-1650-4gb-_JM#polycard_client=search-nordic&position=43&search_layout=grid&type=item&tracking_id=c3fefd62-0a3e-48b5-b94f-249867307896;https://http2.mlstatic.com/D_Q_NP_2X_798523-MLU78409672835_082024-E.webp
MLB-4979790638;Placa de vídeo nvidia galax  ex plus geforce gtx 1650 4gb;N/A;Classic;R$ 1.099,00;R$ 1.099,00;0%;N/A;29/11/2024 16:14:40;https://produto.mercadolivre.com.br/MLB-4979790638-placa-de-video-nvidia-galax-ex-plus-geforce-gtx-1650-4gb-_JM#polycard_client=search-nordic&position=44&search_layout=grid&type=item&tracking_id=c3fefd62-0a3e-48b5-b94f-249867307896;https://http2.mlstatic.com/D_Q_NP_2X_719727-MLU72573233972_112023-E.webp
MLB-3801720002;Placa de vídeo nvidia msi  ventus xs geforce gtx 1650 d6;N/A;Classic;R$ 1.299,00;R$ 1.299,00;0%;N/A;29/11/2024 16:14:40;https://produto.mercadolivre.com.br/MLB-3801720002-placa-de-video-nvidia-msi-ventus-xs-geforce-gtx-1650-d6-_JM#polycard_client=search-nordic&position=45&search_layout=grid&type=item&tracking_id=c3fefd62-0a3e-48b5-b94f-249867307896;https://http2.mlstatic.com/D_Q_NP_2X_773016-MLA52678887951_122022-E.webp
MLB-4336984410;Placa de vídeo nvidia galax ex plus gtx1650 4gb gddr6 128bit;N/A;Classic;R$ 1.399,00;R$ 1.399,00;0%;em 12x R$135,34;29/11/2024 16:14:40;https://produto.mercadolivre.com.br/MLB-4336984410-placa-de-video-nvidia-galax-ex-plus-gtx1650-4gb-gddr6-128bit-_JM#polycard_client=search-nordic&position=46&search_layout=grid&type=item&tracking_id=c3fefd62-0a3e-48b5-b94f-249867307896;https://http2.mlstatic.com/D_Q_NP_2X_719727-MLU72573233972_112023-E.webp
MLB-4979813358;Placa de vídeo nvidia galax  ex plus geforce gtx 1650 4gb;N/A;Classic;R$ 1.099,00;R$ 1.099,00;0%;em 12x R$106,32;29/11/2024 16:14:40;https://produto.mercadolivre.com.br/MLB-4979813358-placa-de-video-nvidia-galax-ex-plus-geforce-gtx-1650-4gb-_JM#polycard_client=search-nordic&position=47&search_layout=grid&type=item&tracking_id=c3fefd62-0a3e-48b5-b94f-249867307896;https://http2.mlstatic.com/D_Q_NP_2X_719727-MLU72573233972_112023-E.webp
MLB-3727090139;Placa de vídeo nvidia galax  ex plus geforce gtx 16 series;N/A;Classic;R$ 999,00;R$ 999,00;0%;em 12x R$96,64;29/11/2024 16:14:40;https://produto.mercadolivre.com.br/MLB-3727090139-placa-de-video-nvidia-galax-ex-plus-geforce-gtx-16-series-_JM#polycard_client=search-nordic&position=48&search_layout=grid&type=item&tracking_id=c3fefd62-0a3e-48b5-b94f-249867307896;https://http2.mlstatic.com/D_Q_NP_2X_719727-MLU72573233972_112023-E.webp
MLB-5144412004;Placa de vídeo nvidia galax  ex plus gtx 16 series gtx 1650;N/A;Classic;R$ 1.159,00;R$ 1.159,00;0%;N/A;29/11/2024 16:14:40;https://produto.mercadolivre.com.br/MLB-5144412004-placa-de-video-nvidia-galax-ex-plus-gtx-16-series-gtx-1650-_JM#polycard_client=search-nordic&position=49&search_layout=grid&type=item&tracking_id=c3fefd62-0a3e-48b5-b94f-249867307896;https://http2.mlstatic.com/D_Q_NP_2X_880970-MLU78687019227_082024-E.webp
MLB-4802779860;Placa gráfica gigabyte geforce gtx 1650, 4gb, 128 bits;N/A;Classic;R$ 1.853,00;R$ 1.853,00;0%;N/A;29/11/2024 16:14:40;https://produto.mercadolivre.com.br/MLB-4802779860-placa-grafica-gigabyte-geforce-gtx-1650-4gb-128-bits-_JM#polycard_client=search-nordic&position=50&search_layout=grid&type=item&tracking_id=c3fefd62-0a3e-48b5-b94f-249867307896;https://http2.mlstatic.com/D_Q_NP_2X_615137-CBT50453100255_062022-E.webp
MLB25182890;Placa de video gtx 1650 4gb gddr6 vcg16504d6sfmpb1 pny;N/A;Classic;R$ 1.038,00;R$ 1.038,00;0%;em 12x R$100,42;29/11/2024 16:14:40;https://www.mercadolivre.com.br/placa-de-video-gtx-1650-4gb-gddr6-vcg16504d6sfmpb1-pny/p/MLB25182890#polycard_client=search-nordic&wid=MLB5163806540&sid=search&searchVariation=MLB25182890&position=3&search_layout=grid&type=product&tracking_id=c3fefd62-0a3e-48b5-b94f-249867307896;https://http2.mlstatic.com/D_Q_NP_2X_968021-MLU70708284009_072023-E.webp
MLB-4359785038;Placa de vídeo nvidia msi ventus xs ocv1 geforce gtx 1650 d6;N/A;Classic;R$ 999,00;R$ 999,90;0%;em 12x R$96,73;29/11/2024 16:14:41;https://produto.mercadolivre.com.br/MLB-4359785038-placa-de-video-nvidia-msi-ventus-xs-ocv1-geforce-gtx-1650-d6-_JM#polycard_client=search-nordic&position=7&search_layout=grid&type=item&tracking_id=2bc4020a-e283-43ff-9744-0cdf75110d35;https://http2.mlstatic.com/D_Q_NP_2X_773016-MLA52678887951_122022-E.webp
MLB19635514;Placa de vídeo nvidia asus  tuf gaming geforce gtx 16 series gtx 1650 tuf-gtx1650-o4gd6-gaming oc edition 4gb;Olist;Premium;R$ 3.913,00;R$ 3.913,00;0%;em 10x R$391,36 sem juros;29/11/2024 16:14:41;https://www.mercadolivre.com.br/placa-de-video-nvidia-asus-tuf-gaming-geforce-gtx-16-series-gtx-1650-tuf-gtx1650-o4gd6-gaming-oc-edition-4gb/p/MLB19635514#polycard_client=search-nordic&wid=MLB4122045784&sid=search&searchVariation=MLB19635514&position=4&search_layout=grid&type=product&tracking_id=2bc4020a-e283-43ff-9744-0cdf75110d35;https://http2.mlstatic.com/D_Q_NP_2X_894184-MLA51720093947_092022-E.webp
MLB15986698;Placa de vídeo nvidia evga  sc gaming geforce gtx 16 series gtx 1650 super 04g-p4-1357-kr 4gb;N/A;Premium;R$ 2.774,00;R$ 2.774,00;0%;em 10x R$277,46 sem juros;29/11/2024 16:14:41;https://www.mercadolivre.com.br/placa-de-video-nvidia-evga-sc-gaming-geforce-gtx-16-series-gtx-1650-super-04g-p4-1357-kr-4gb/p/MLB15986698#polycard_client=search-nordic&wid=MLB3841538151&sid=search&searchVariation=MLB15986698&position=6&search_layout=grid&type=product&tracking_id=2bc4020a-e283-43ff-9744-0cdf75110d35;https://http2.mlstatic.com/D_Q_NP_2X_929326-MLA43294763481_082020-E.webp
MLB-4802678598;Placa de vídeo asus phoenix nvidia geforce gtx 1650 oc, 4gb;N/A;Premium;R$ 2.505,00;R$ 2.505,00;0%;em 10x R$250,58 sem juros;29/11/2024 16:14:41;https://produto.mercadolivre.com.br/MLB-4802678598-placa-de-video-asus-phoenix-nvidia-geforce-gtx-1650-oc-4gb-_JM#polycard_client=search-nordic&position=8&search_layout=grid&type=item&tracking_id=2bc4020a-e283-43ff-9744-0cdf75110d35;https://http2.mlstatic.com/D_Q_NP_2X_854938-CBT50497242377_062022-E.webp
MLB-4359757268;Placa de vídeo geforce gtx 1650 super gddr6 gainward 4gb;N/A;Classic;R$ 1.890,00;R$ 1.890,00;0%;em 12x R$181,66;29/11/2024 16:14:41;https://produto.mercadolivre.com.br/MLB-4359757268-placa-de-video-geforce-gtx-1650-super-gddr6-gainward-4gb-_JM#polycard_client=search-nordic&position=9&search_layout=grid&type=item&tracking_id=2bc4020a-e283-43ff-9744-0cdf75110d35;https://http2.mlstatic.com/D_Q_NP_2X_889915-MLB74085809133_012024-E.webp
MLB15992942;Placa de vídeo nvidia galax  ex geforce gtx 16 series gtx 1650 65sql8ds66e6 4gb;N/A;Premium;R$ 1.211,00;R$ 1.211,00;0%;em 10x R$121,10 sem juros;29/11/2024 16:14:41;https://www.mercadolivre.com.br/placa-de-video-nvidia-galax-ex-geforce-gtx-16-series-gtx-1650-65sql8ds66e6-4gb/p/MLB15992942#polycard_client=search-nordic&wid=MLB1825427790&sid=search&searchVariation=MLB15992942&position=5&search_layout=grid&type=product&tracking_id=2bc4020a-e283-43ff-9744-0cdf75110d35;https://http2.mlstatic.com/D_Q_NP_2X_768157-MLA54909359030_042023-E.webp
MLB-3949348888;Placa vídeo msi nvidia geforce gtx 1650 gddr6 ventus xs 4gb;N/A;Premium;R$ 1.139,00;R$ 1.139,00;0%;em 10x R$113,90 sem juros;29/11/2024 16:14:41;https://produto.mercadolivre.com.br/MLB-3949348888-placa-video-msi-nvidia-geforce-gtx-1650-gddr6-ventus-xs-4gb-_JM#polycard_client=search-nordic&position=10&search_layout=grid&type=item&tracking_id=2bc4020a-e283-43ff-9744-0cdf75110d35;https://http2.mlstatic.com/D_Q_NP_2X_938089-MLB79263964124_092024-E.webp
MLB-2136803994;Placa de video galax geforce gtx 1650 ex 1click oc 4gb gddr6;N/A;Classic;R$ 1.133,00;R$ 1.133,00;0%;em 12x R$109,63;29/11/2024 16:14:41;https://produto.mercadolivre.com.br/MLB-2136803994-placa-de-video-galax-geforce-gtx-1650-ex-1click-oc-4gb-gddr6-_JM#polycard_client=search-nordic&position=11&search_layout=grid&type=item&tracking_id=2bc4020a-e283-43ff-9744-0cdf75110d35;https://http2.mlstatic.com/D_Q_NP_2X_880132-MLB48789495382_012022-E.webp
MLB-3748100051;Placa de vídeo evga geforce gtx1650 super sc ultra gaming;N/A;Premium;R$ 2.831,00;R$ 2.831,00;0%;em 10x R$283,20 sem juros;29/11/2024 16:14:41;https://produto.mercadolivre.com.br/MLB-3748100051-placa-de-video-evga-geforce-gtx1650-super-sc-ultra-gaming-_JM#polycard_client=search-nordic&position=12&search_layout=grid&type=item&tracking_id=2bc4020a-e283-43ff-9744-0cdf75110d35;https://http2.mlstatic.com/D_Q_NP_2X_811059-CBT51379640598_092022-E.webp
MLB-3904564911;Caixa vazia placa vídeo msi nvd geforce v1 gtx1650 4gb gddr6;N/A;Classic;R$ 25,00;R$ 25,00;0%;em 12x R$2,42;29/11/2024 16:14:41;https://produto.mercadolivre.com.br/MLB-3904564911-caixa-vazia-placa-video-msi-nvd-geforce-v1-gtx1650-4gb-gddr6-_JM#polycard_client=search-nordic&position=13&search_layout=grid&type=item&tracking_id=2bc4020a-e283-43ff-9744-0cdf75110d35;https://http2.mlstatic.com/D_Q_NP_2X_718941-MLB80333317068_112024-E.webp
MLB-5134286882;Placa de vídeo gtx 1650 com defeito. sucata, peças.;N/A;Classic;R$ 199,00;R$ 199,00;0%;em 12x R$19,34;29/11/2024 16:14:41;https://produto.mercadolivre.com.br/MLB-5134286882-placa-de-video-gtx-1650-com-defeito-sucata-pecas-_JM#polycard_client=search-nordic&position=14&search_layout=grid&type=item&tracking_id=2bc4020a-e283-43ff-9744-0cdf75110d35;https://http2.mlstatic.com/D_Q_NP_2X_730264-MLB79897601226_102024-E.webp
MLB-3130658297;Placa video gtx 1650 nvidea geforce;N/A;Classic;R$ 990,00;R$ 990,00;0%;em 12x R$95,77;29/11/2024 16:14:41;https://produto.mercadolivre.com.br/MLB-3130658297-placa-video-gtx-1650-nvidea-geforce-_JM#polycard_client=search-nordic&position=15&search_layout=grid&type=item&tracking_id=2bc4020a-e283-43ff-9744-0cdf75110d35;https://http2.mlstatic.com/D_Q_NP_2X_868820-MLB53300426154_012023-E.webp
MLB-3258101986;Placa de vídeo gpu galax geforce gtx1050tiexoc 4gb dd5 128bi;N/A;Classic;R$ 799,00;R$ 799,00;0%;em 12x R$77,46;29/11/2024 16:14:41;https://produto.mercadolivre.com.br/MLB-3258101986-placa-de-video-gpu-galax-geforce-gtx1050tiexoc-4gb-dd5-128bi-_JM#polycard_client=search-nordic&position=16&search_layout=grid&type=item&tracking_id=2bc4020a-e283-43ff-9744-0cdf75110d35;https://http2.mlstatic.com/D_Q_NP_2X_638546-MLB54169812234_032023-E.webp
MLB-3325361916;Caixa da placa de vídeo nvidia gtx 1650 oc asus tuf gaming;N/A;Classic;R$ 49,00;R$ 49,00;0%;em 12x R$4,75;29/11/2024 16:14:41;https://produto.mercadolivre.com.br/MLB-3325361916-caixa-da-placa-de-video-nvidia-gtx-1650-oc-asus-tuf-gaming-_JM#polycard_client=search-nordic&position=17&search_layout=grid&type=item&tracking_id=2bc4020a-e283-43ff-9744-0cdf75110d35;https://http2.mlstatic.com/D_Q_NP_2X_814242-MLB54468409484_032023-E.webp
MLB-3856884431;Placa de video nvidia geforce gtx 1650 4gb gddr6 pny;N/A;Premium;R$ 890,00;R$ 890,00;0%;em 10x R$89 sem juros;29/11/2024 16:14:41;https://produto.mercadolivre.com.br/MLB-3856884431-placa-de-video-nvidia-geforce-gtx-1650-4gb-gddr6-pny-_JM#polycard_client=search-nordic&position=18&search_layout=grid&type=item&tracking_id=2bc4020a-e283-43ff-9744-0cdf75110d35;https://http2.mlstatic.com/D_Q_NP_2X_882541-MLB79195659268_092024-E.webp
MLB-4540519658;Placa de vídeo nvidia galax  ex geforce gtx 1650;N/A;Classic;R$ 940,00;R$ 940,00;0%;em 12x R$90,94;29/11/2024 16:14:41;https://produto.mercadolivre.com.br/MLB-4540519658-placa-de-video-nvidia-galax-ex-geforce-gtx-1650-_JM#polycard_client=search-nordic&position=19&search_layout=grid&type=item&tracking_id=2bc4020a-e283-43ff-9744-0cdf75110d35;https://http2.mlstatic.com/D_Q_NP_2X_768157-MLA54909359030_042023-E.webp
MLB-2120520650;Caixa para placa de vídeo geforce gtx 1650 - galax;N/A;Classic;R$ 27,00;R$ 27,20;0%;em 12x R$2,64;29/11/2024 16:14:41;https://produto.mercadolivre.com.br/MLB-2120520650-caixa-para-placa-de-video-geforce-gtx-1650-galax-_JM#polycard_client=search-nordic&position=20&search_layout=grid&type=item&tracking_id=2bc4020a-e283-43ff-9744-0cdf75110d35;https://http2.mlstatic.com/D_Q_NP_2X_706076-MLB43296976577_082020-E.webp
MLB-3284282648;Caixa da placa de vídeo leadtek gtx 1650 4gb gddr6;N/A;Classic;R$ 18,00;R$ 18,90;0%;N/A;29/11/2024 16:14:41;https://produto.mercadolivre.com.br/MLB-3284282648-caixa-da-placa-de-video-leadtek-gtx-1650-4gb-gddr6-_JM#polycard_client=search-nordic&position=21&search_layout=grid&type=item&tracking_id=2bc4020a-e283-43ff-9744-0cdf75110d35;https://http2.mlstatic.com/D_Q_NP_2X_607628-MLA54293045472_032023-E.webp
MLB-3632433537;Placa de vídeo nvidia asus  phoenix geforce gtx 1650;N/A;Classic;R$ 1.057,00;R$ 1.057,00;0%;em 12x R$102,32;29/11/2024 16:14:41;https://produto.mercadolivre.com.br/MLB-3632433537-placa-de-video-nvidia-asus-phoenix-geforce-gtx-1650-_JM#polycard_client=search-nordic&position=22&search_layout=grid&type=item&tracking_id=2bc4020a-e283-43ff-9744-0cdf75110d35;https://http2.mlstatic.com/D_Q_NP_2X_680822-MLA41983912882_052020-E.webp
MLB-3571641194;Placa de video evga  sc gaming geforce gtx 1650 super;N/A;Premium;R$ 1.200,00;R$ 1.200,00;0%;em 10x R$120 sem juros;29/11/2024 16:14:41;https://produto.mercadolivre.com.br/MLB-3571641194-placa-de-video-evga-sc-gaming-geforce-gtx-1650-super-_JM#polycard_client=search-nordic&position=23&search_layout=grid&type=item&tracking_id=2bc4020a-e283-43ff-9744-0cdf75110d35;https://http2.mlstatic.com/D_Q_NP_2X_967441-MLB54982941633_052023-E.webp
MLB-3806915079;Caixa vazia de placa de video gtx geforce 960;N/A;Classic;R$ 19,00;R$ 19,00;0%;N/A;29/11/2024 16:14:41;https://produto.mercadolivre.com.br/MLB-3806915079-caixa-vazia-de-placa-de-video-gtx-geforce-960-_JM#polycard_client=search-nordic&position=24&search_layout=grid&type=item&tracking_id=2bc4020a-e283-43ff-9744-0cdf75110d35;https://http2.mlstatic.com/D_Q_NP_2X_939315-MLB78006640110_082024-E.webp
MLB18571122;Placa de vídeo nvidia zotac  gaming geforce gtx 16 series gtx 1650 zt-t16520j-10l 4gb;N/A;Classic;R$ 1.099,00;R$ 890,92;18% OFF;em 12x R$86,37;29/11/2024 16:14:41;https://www.mercadolivre.com.br/placa-de-video-nvidia-zotac-gaming-geforce-gtx-16-series-gtx-1650-zt-t16520j-10l-4gb/p/MLB18571122#polycard_client=search-nordic&wid=MLB4755663538&sid=search&searchVariation=MLB18571122&position=3&search_layout=grid&type=product&tracking_id=2bc4020a-e283-43ff-9744-0cdf75110d35;https://http2.mlstatic.com/D_Q_NP_2X_629221-MLA48655228895_122021-E.webp
MLB-3725774363;Placa de vídeo nvidia geforce gtx 1650 4gb ddr6 zotac amp;N/A;Premium;R$ 1.299,00;R$ 1.000,00;23% OFF;em 10x R$100,09 sem juros;29/11/2024 16:14:41;https://produto.mercadolivre.com.br/MLB-3725774363-placa-de-video-nvidia-geforce-gtx-1650-4gb-ddr6-zotac-amp-_JM#polycard_client=search-nordic&position=25&search_layout=grid&type=item&tracking_id=2bc4020a-e283-43ff-9744-0cdf75110d35;https://http2.mlstatic.com/D_Q_NP_2X_722664-MLB76842333737_062024-E.webp
MLB-5140582996;Placa de vídeo msi ventus geforce gtx 1650 d6 xs ocv3 4gb;N/A;Premium;R$ 1.040,00;R$ 956,93;8% OFF;em 10x R$95,69 sem juros;29/11/2024 16:14:41;https://produto.mercadolivre.com.br/MLB-5140582996-placa-de-video-msi-ventus-geforce-gtx-1650-d6-xs-ocv3-4gb-_JM#polycard_client=search-nordic&position=26&search_layout=grid&type=item&tracking_id=2bc4020a-e283-43ff-9744-0cdf75110d35;https://http2.mlstatic.com/D_Q_NP_2X_607833-MLB79974307582_102024-E.webp
MLB-3534904187;Placa de vídeo gtx 1650 galax nvidia geforce 4gb gddr6;N/A;Premium;R$ 1.120,00;R$ 1.120,00;0%;em 10x R$112,07 sem juros;29/11/2024 16:14:41;https://produto.mercadolivre.com.br/MLB-3534904187-placa-de-video-gtx-1650-galax-nvidia-geforce-4gb-gddr6-_JM#polycard_client=search-nordic&position=27&search_layout=grid&type=item&tracking_id=2bc4020a-e283-43ff-9744-0cdf75110d35;https://http2.mlstatic.com/D_Q_NP_2X_719727-MLU72573233972_112023-E.webp
MLB-4962350240;Placa de vídeo galax geforce gtx 1650 ex plus 4gb 1-click oc;Terabyte;Classic;R$ 1.046,00;R$ 1.046,00;0%;em 12x R$101,28;29/11/2024 16:14:41;https://produto.mercadolivre.com.br/MLB-4962350240-placa-de-video-galax-geforce-gtx-1650-ex-plus-4gb-1-click-oc-_JM#polycard_client=search-nordic&position=28&search_layout=grid&type=item&tracking_id=2bc4020a-e283-43ff-9744-0cdf75110d35;https://http2.mlstatic.com/D_Q_NP_2X_980436-MLB78091746215_072024-E.webp
MLB-5140544406;Placa de vídeo msi ventus geforce gtx 1650 d6 xs ocv3 4gb;N/A;Classic;R$ 960,25;R$ 883,43;8% OFF;em 12x R$85,65;29/11/2024 16:14:41;https://produto.mercadolivre.com.br/MLB-5140544406-placa-de-video-msi-ventus-geforce-gtx-1650-d6-xs-ocv3-4gb-_JM#polycard_client=search-nordic&position=29&search_layout=grid&type=item&tracking_id=2bc4020a-e283-43ff-9744-0cdf75110d35;https://http2.mlstatic.com/D_Q_NP_2X_953626-MLB79974307358_102024-E.webp
MLB-3534936983;Placa de vídeo gtx 1650 galax nvidia geforce 4gb gddr6;N/A;Classic;R$ 1.052,00;R$ 1.052,00;0%;em 12x R$101,84;29/11/2024 16:14:41;https://produto.mercadolivre.com.br/MLB-3534936983-placa-de-video-gtx-1650-galax-nvidia-geforce-4gb-gddr6-_JM#polycard_client=search-nordic&position=30&search_layout=grid&type=item&tracking_id=2bc4020a-e283-43ff-9744-0cdf75110d35;https://http2.mlstatic.com/D_Q_NP_2X_719727-MLU72573233972_112023-E.webp
MLB-1924913441;Placa de vídeo nvidia gainward  ghost geforce gtx 1650  4gb;N/A;Premium;R$ 2.748,00;R$ 2.611,00;5% OFF;em 10x R$261,14 sem juros;29/11/2024 16:14:41;https://produto.mercadolivre.com.br/MLB-1924913441-placa-de-video-nvidia-gainward-ghost-geforce-gtx-1650-4gb-_JM#polycard_client=search-nordic&position=31&search_layout=grid&type=item&tracking_id=2bc4020a-e283-43ff-9744-0cdf75110d35;https://http2.mlstatic.com/D_Q_NP_2X_683128-MLA45920086935_052021-E.webp
